"","","/都市間移動者数・その他","転入超過数","転入超過数","転入超過数","転入超過数","転入超過数","転入超過数","転入超過数","転入超過数","転入超過数"
"","","/性別","総数","総数","総数","男","男","男","女","女","女"
"国籍","全国・都道府県・市区町村2016,2017","/年齢","15〜19歳","20〜24歳","25〜29歳","15〜19歳","20〜24歳","25〜29歳","15〜19歳","20〜24歳","25〜29歳"
"日本人移動者","全国市部","","11,350","21,432","6,227","5,759","9,238","3,109","5,591","12,194","3,118"
"日本人移動者","全国郡部","","-11,350","-21,432","-6,227","-5,759","-9,238","-3,109","-5,591","-12,194","-3,118"
"日本人移動者","北海道市部","","904","-2,587","-1,261","485","-1,598","-542","419","-989","-719"
"日本人移動者","北海道郡部","","-1,992","-1,858","-48","-1,020","-668","-34","-972","-1,190","-14"
"日本人移動者","札幌市","","1,485","1,643","205","588","463","75","897","1,180","130"
"日本人移動者","函館市","","-325","-322","-169","-213","-153","-59","-112","-169","-110"
"日本人移動者","小樽市","","-16","-333","-192","-21","-189","-58","5","-144","-134"
"日本人移動者","旭川市","","-242","-283","-286","-155","-99","-97","-87","-184","-189"
"日本人移動者","室蘭市","","96","-208","-159","108","-138","-95","-12","-70","-64"
"日本人移動者","釧路市","","-16","-241","-105","11","-83","-50","-27","-158","-55"
"日本人移動者","帯広市","","21","-87","-77","-18","22","-49","39","-109","-28"
"日本人移動者","北見市","","-145","-224","5","-51","-123","0","-94","-101","5"
"日本人移動者","夕張市","","-11","-24","-3","-5","-13","0","-6","-11","-3"
"日本人移動者","岩見沢市","","-29","-189","-84","-5","-95","-38","-24","-94","-46"
"日本人移動者","網走市","","48","-88","-50","37","-53","-25","11","-35","-25"
"日本人移動者","留萌市","","-19","-14","17","8","8","-1","-27","-22","18"
"日本人移動者","苫小牧市","","-159","-75","6","-77","-10","29","-82","-65","-23"
"日本人移動者","稚内市","","-80","44","-24","-30","40","-6","-50","4","-18"
"日本人移動者","美唄市","","-13","-100","-39","2","-35","-20","-15","-65","-19"
"日本人移動者","芦別市","","-20","-52","-22","-12","-25","-5","-8","-27","-17"
"日本人移動者","江別市","","221","-532","-84","137","-330","-54","84","-202","-30"
"日本人移動者","赤平市","","-10","-10","-9","-8","-3","-5","-2","-7","-4"
"日本人移動者","紋別市","","-63","6","17","-42","16","17","-21","-10","0"
"日本人移動者","士別市","","-52","-73","-30","-36","-30","-20","-16","-43","-10"
"日本人移動者","名寄市","","78","-26","12","48","13","9","30","-39","3"
"日本人移動者","三笠市","","-26","-10","6","-10","2","5","-16","-12","1"
"日本人移動者","根室市","","-77","-12","-16","-47","-1","-14","-30","-11","-2"
"日本人移動者","千歳市","","323","-61","-64","235","-92","-72","88","31","8"
"日本人移動者","滝川市","","119","-144","2","96","-108","9","23","-36","-7"
"日本人移動者","砂川市","","-9","-13","-11","-8","-9","4","-1","-4","-15"
"日本人移動者","歌志内市","","-2","-14","-5","-3","-7","-3","1","-7","-2"
"日本人移動者","深川市","","47","-95","-19","46","-48","-3","1","-47","-16"
"日本人移動者","富良野市","","-50","-42","-15","-29","-6","5","-21","-36","-20"
"日本人移動者","登別市","","-2","-204","4","26","-117","9","-28","-87","-5"
"日本人移動者","恵庭市","","74","-205","19","43","-125","-2","31","-80","21"
"日本人移動者","伊達市","","-46","-85","-16","-14","-38","-15","-32","-47","-1"
"日本人移動者","北広島市","","-35","-215","-30","-14","-108","0","-21","-107","-30"
"日本人移動者","石狩市","","-52","-191","-39","-35","-87","-13","-17","-104","-26"
"日本人移動者","北斗市","","-109","-108","-6","-67","-37","0","-42","-71","-6"
"日本人移動者","石狩振興局","","-2","-120","-44","-7","-62","-23","5","-58","-21"
"日本人移動者","渡島総合振興局","","-320","-252","32","-181","-149","11","-139","-103","21"
"日本人移動者","檜山振興局","","-80","-28","1","-44","20","4","-36","-48","-3"
"日本人移動者","後志総合振興局","","-194","-48","52","-90","24","38","-104","-72","14"
"日本人移動者","空知総合振興局","","-140","-257","-46","-82","-81","-37","-58","-176","-9"
"日本人移動者","上川総合振興局","","-149","-184","22","-63","-67","18","-86","-117","4"
"日本人移動者","留萌振興局","","-58","-57","24","-24","-26","19","-34","-31","5"
"日本人移動者","宗谷総合振興局","","-70","25","9","-31","44","22","-39","-19","-13"
"日本人移動者","オホーツク総合振興局","","-275","-196","-36","-127","-96","-36","-148","-100","0"
"日本人移動者","胆振総合振興局","","-61","-120","-7","-54","-57","-6","-7","-63","-1"
"日本人移動者","日高振興局","","-118","-109","-16","-38","-23","-36","-80","-86","20"
"日本人移動者","十勝総合振興局","","-269","-328","-18","-160","-141","-5","-109","-187","-13"
"日本人移動者","釧路総合振興局","","-137","-129","-46","-65","-53","-23","-72","-76","-23"
"日本人移動者","根室振興局","","-119","-55","25","-54","-1","20","-65","-54","5"
"日本人移動者","青森県市部","","-1,522","-1,820","-244","-758","-628","-157","-764","-1,192","-87"
"日本人移動者","青森県郡部","","-659","-730","-76","-361","-247","-26","-298","-483","-50"
"日本人移動者","青森市","","-353","-538","-141","-189","-202","-77","-164","-336","-64"
"日本人移動者","弘前市","","-23","-446","9","2","-168","4","-25","-278","5"
"日本人移動者","八戸市","","-451","-244","-28","-219","-63","-45","-232","-181","17"
"日本人移動者","黒石市","","-73","-82","-17","-42","-44","-16","-31","-38","-1"
"日本人移動者","五所川原市","","-162","-125","0","-107","-49","28","-55","-76","-28"
"日本人移動者","十和田市","","-148","-92","-38","-80","-33","-24","-68","-59","-14"
"日本人移動者","三沢市","","-44","-41","21","-14","-1","-1","-30","-40","22"
"日本人移動者","むつ市","","-129","-54","-3","-41","11","-4","-88","-65","1"
"日本人移動者","つがる市","","-67","-100","-19","-22","-32","-11","-45","-68","-8"
"日本人移動者","平川市","","-72","-98","-28","-46","-47","-11","-26","-51","-17"
"日本人移動者","東津軽郡","","-59","-75","-25","-36","-16","-9","-23","-59","-16"
"日本人移動者","西津軽郡","","-60","-61","-16","-35","-27","-6","-25","-34","-10"
"日本人移動者","中津軽郡","","-4","-6","-3","-3","-3","-2","-1","-3","-1"
"日本人移動者","南津軽郡","","-67","-67","-24","-40","-37","-4","-27","-30","-20"
"日本人移動者","北津軽郡","","-101","-89","-7","-56","-34","-2","-45","-55","-5"
"日本人移動者","上北郡","","-169","-143","46","-91","-21","12","-78","-122","34"
"日本人移動者","下北郡","","-51","-44","-21","-30","-12","-17","-21","-32","-4"
"日本人移動者","三戸郡","","-148","-245","-26","-70","-97","2","-78","-148","-28"
"日本人移動者","岩手県市部","","-1,321","-1,436","-98","-718","-556","34","-603","-880","-132"
"日本人移動者","岩手県郡部","","-376","-574","-77","-175","-273","-53","-201","-301","-24"
"日本人移動者","盛岡市","","-30","-141","-89","-58","-77","1","28","-64","-90"
"日本人移動者","宮古市","","-121","-108","15","-49","-61","11","-72","-47","4"
"日本人移動者","大船渡市","","-92","-37","-2","-57","0","0","-35","-37","-2"
"日本人移動者","花巻市","","-91","-180","-13","-59","-60","-32","-32","-120","19"
"日本人移動者","北上市","","-153","-48","63","-75","4","45","-78","-52","18"
"日本人移動者","久慈市","","-106","-90","-34","-50","-44","-19","-56","-46","-15"
"日本人移動者","遠野市","","-53","-86","-10","-17","-30","-7","-36","-56","-3"
"日本人移動者","一関市","","-264","-171","-42","-147","-75","0","-117","-96","-42"
"日本人移動者","陸前高田市","","-58","-58","-12","-35","-33","-11","-23","-25","-1"
"日本人移動者","釜石市","","-77","-34","26","-33","5","21","-44","-39","5"
"日本人移動者","二戸市","","-73","-30","-1","-45","-8","11","-28","-22","-12"
"日本人移動者","八幡平市","","-46","-101","-21","-18","-41","1","-28","-60","-22"
"日本人移動者","奥州市","","-221","-173","15","-113","-32","8","-108","-141","7"
"日本人移動者","滝沢市","","64","-179","7","38","-104","5","26","-75","2"
"日本人移動者","岩手郡","","-56","-117","-45","-36","-57","-37","-20","-60","-8"
"日本人移動者","紫波郡","","-87","-132","10","-57","-67","11","-30","-65","-1"
"日本人移動者","和賀郡","","-2","-25","-8","-4","-8","0","2","-17","-8"
"日本人移動者","胆沢郡","","36","-79","-10","40","-44","-11","-4","-35","1"
"日本人移動者","西磐井郡","","-18","-16","5","-10","-5","-2","-8","-11","7"
"日本人移動者","気仙郡","","-4","-4","6","2","3","2","-6","-7","4"
"日本人移動者","上閉伊郡","","-7","-37","-4","-6","-13","0","-1","-24","-4"
"日本人移動者","下閉伊郡","","-106","-22","-12","-42","-16","-11","-64","-6","-1"
"日本人移動者","九戸郡","","-109","-107","1","-49","-56","9","-60","-51","-8"
"日本人移動者","二戸郡","","-23","-35","-20","-13","-10","-14","-10","-25","-6"
"日本人移動者","宮城県市部","","311","-57","121","178","15","-93","133","-72","214"
"日本人移動者","宮城県郡部","","-156","-585","-244","-34","-285","-79","-122","-300","-165"
"日本人移動者","仙台市","","1,232","961","57","658","434","-68","574","527","125"
"日本人移動者","石巻市","","-135","-145","-12","-48","-51","-27","-87","-94","15"
"日本人移動者","塩竈市","","-17","-97","-28","-10","-59","-15","-7","-38","-13"
"日本人移動者","気仙沼市","","-164","-87","31","-95","-47","21","-69","-40","10"
"日本人移動者","白石市","","-34","-54","-28","-25","-19","-11","-9","-35","-17"
"日本人移動者","名取市","","-16","-66","54","-21","-43","31","5","-23","23"
"日本人移動者","角田市","","-39","-45","-29","-10","-9","-14","-29","-36","-15"
"日本人移動者","多賀城市","","-6","10","68","36","0","23","-42","10","45"
"日本人移動者","岩沼市","","5","-1","-20","-9","10","-8","14","-11","-12"
"日本人移動者","登米市","","-173","-129","-25","-92","-66","-10","-81","-63","-15"
"日本人移動者","栗原市","","-130","-190","-4","-54","-69","-4","-76","-121","0"
"日本人移動者","東松島市","","-13","0","51","-10","12","27","-3","-12","24"
"日本人移動者","大崎市","","-151","-84","-8","-107","-9","-30","-44","-75","22"
"日本人移動者","富谷市","","-48","-130","14","-35","-69","-8","-13","-61","22"
"日本人移動者","刈田郡","","-14","-31","-10","-6","-17","-3","-8","-14","-7"
"日本人移動者","柴田郡","","88","-126","-44","79","-66","-22","9","-60","-22"
"日本人移動者","伊具郡","","-22","-27","-25","-18","-10","-8","-4","-17","-17"
"日本人移動者","亘理郡","","-46","-73","-26","-17","-42","0","-29","-31","-26"
"日本人移動者","宮城郡","","-43","-207","-85","-22","-93","-47","-21","-114","-38"
"日本人移動者","黒川郡","","-2","70","37","16","12","38","-18","58","-1"
"日本人移動者","加美郡","","-36","-53","-43","-17","-19","-25","-19","-34","-18"
"日本人移動者","遠田郡","","-42","-101","-17","-27","-34","6","-15","-67","-23"
"日本人移動者","牡鹿郡","","-4","5","-11","-2","9","-11","-2","-4","0"
"日本人移動者","本吉郡","","-35","-42","-20","-20","-25","-7","-15","-17","-13"
"日本人移動者","秋田県市部","","-1,552","-1,639","-208","-777","-707","-95","-775","-932","-113"
"日本人移動者","秋田県郡部","","-174","-328","-39","-93","-116","-16","-81","-212","-23"
"日本人移動者","秋田市","","-93","-363","15","-27","-181","5","-66","-182","10"
"日本人移動者","能代市","","-180","-105","-4","-97","-43","-2","-83","-62","-2"
"日本人移動者","横手市","","-222","-154","-18","-114","-62","-11","-108","-92","-7"
"日本人移動者","大館市","","-170","-122","17","-102","-57","22","-68","-65","-5"
"日本人移動者","男鹿市","","-38","-46","-25","-17","-13","-20","-21","-33","-5"
"日本人移動者","湯沢市","","-116","-158","-15","-56","-68","-2","-60","-90","-13"
"日本人移動者","鹿角市","","-99","-55","-3","-39","-21","-3","-60","-34","0"
"日本人移動者","由利本荘市","","-138","-229","-23","-57","-127","-13","-81","-102","-10"
"日本人移動者","潟上市","","-64","-58","-14","-37","-18","-6","-27","-40","-8"
"日本人移動者","大仙市","","-166","-145","-68","-94","-57","-24","-72","-88","-44"
"日本人移動者","北秋田市","","-106","-74","-7","-62","-19","-9","-44","-55","2"
"日本人移動者","にかほ市","","-80","-64","-47","-32","-13","-20","-48","-51","-27"
"日本人移動者","仙北市","","-80","-66","-16","-43","-28","-12","-37","-38","-4"
"日本人移動者","鹿角郡","","-19","-10","-4","-10","1","-7","-9","-11","3"
"日本人移動者","北秋田郡","","-7","-10","0","-5","-5","0","-2","-5","0"
"日本人移動者","山本郡","","-65","-83","-27","-35","-23","-14","-30","-60","-13"
"日本人移動者","南秋田郡","","5","-118","1","1","-53","9","4","-65","-8"
"日本人移動者","仙北郡","","-30","-58","-9","-15","-9","-10","-15","-49","1"
"日本人移動者","雄勝郡","","-58","-49","0","-29","-27","6","-29","-22","-6"
"日本人移動者","山形県市部","","-881","-1,425","6","-485","-601","-10","-396","-824","16"
"日本人移動者","山形県郡部","","-483","-547","-122","-272","-243","-42","-211","-304","-80"
"日本人移動者","山形市","","11","-259","71","-25","-109","75","36","-150","-4"
"日本人移動者","米沢市","","-13","-222","-48","-21","-64","-40","8","-158","-8"
"日本人移動者","鶴岡市","","-224","-282","-19","-90","-154","-14","-134","-128","-5"
"日本人移動者","酒田市","","-335","-50","49","-192","-10","17","-143","-40","32"
"日本人移動者","新庄市","","-48","-101","15","-24","-61","8","-24","-40","7"
"日本人移動者","寒河江市","","-60","-66","4","-37","-9","0","-23","-57","4"
"日本人移動者","上山市","","-35","-55","-5","-19","-12","-9","-16","-43","4"
"日本人移動者","村山市","","-23","-78","-59","-13","-30","-38","-10","-48","-21"
"日本人移動者","長井市","","-39","-74","-24","-23","-44","-3","-16","-30","-21"
"日本人移動者","天童市","","-62","-68","84","-44","-16","47","-18","-52","37"
"日本人移動者","東根市","","36","-72","-21","43","-50","-29","-7","-22","8"
"日本人移動者","尾花沢市","","-42","-51","-33","-23","-21","-14","-19","-30","-19"
"日本人移動者","南陽市","","-47","-47","-8","-17","-21","-10","-30","-26","2"
"日本人移動者","東村山郡","","-29","-58","-6","-21","-33","8","-8","-25","-14"
"日本人移動者","西村山郡","","-59","-93","-36","-33","-57","-15","-26","-36","-21"
"日本人移動者","北村山郡","","-17","-33","-9","-13","-20","-5","-4","-13","-4"
"日本人移動者","最上郡","","-131","-143","-34","-73","-64","-23","-58","-79","-11"
"日本人移動者","東置賜郡","","-59","-91","-33","-40","-38","-14","-19","-53","-19"
"日本人移動者","西置賜郡","","-74","-74","-25","-35","-25","-10","-39","-49","-15"
"日本人移動者","東田川郡","","-72","-26","29","-32","1","24","-40","-27","5"
"日本人移動者","飽海郡","","-42","-29","-8","-25","-7","-7","-17","-22","-1"
"日本人移動者","福島県市部","","-1,258","-2,292","-154","-584","-860","23","-674","-1,432","-177"
"日本人移動者","福島県郡部","","-442","-990","-224","-242","-397","-98","-200","-593","-126"
"日本人移動者","福島市","","-36","-544","-81","-4","-218","-54","-32","-326","-27"
"日本人移動者","会津若松市","","-207","-169","28","-101","-52","22","-106","-117","6"
"日本人移動者","郡山市","","-41","-276","23","2","-111","40","-43","-165","-17"
"日本人移動者","いわき市","","-314","-366","16","-138","-119","49","-176","-247","-33"
"日本人移動者","白河市","","-63","-117","-2","-18","-55","-9","-45","-62","7"
"日本人移動者","須賀川市","","-77","-192","-14","-39","-109","3","-38","-83","-17"
"日本人移動者","喜多方市","","-113","-77","-2","-59","-21","6","-54","-56","-8"
"日本人移動者","相馬市","","-40","-38","14","-13","-5","21","-27","-33","-7"
"日本人移動者","二本松市","","-102","-124","-37","-67","-46","-12","-35","-78","-25"
"日本人移動者","田村市","","-45","-89","-42","-26","-32","-24","-19","-57","-18"
"日本人移動者","南相馬市","","-115","-63","-9","-59","-9","7","-56","-54","-16"
"日本人移動者","伊達市","","-75","-181","-42","-47","-67","-15","-28","-114","-27"
"日本人移動者","本宮市","","-30","-56","-6","-15","-16","-11","-15","-40","5"
"日本人移動者","伊達郡","","-16","-127","-22","-23","-52","-14","7","-75","-8"
"日本人移動者","安達郡","","-4","-1","30","-4","-4","19","0","3","11"
"日本人移動者","岩瀬郡","","-12","-39","-12","-7","-20","-9","-5","-19","-3"
"日本人移動者","南会津郡","","-61","-88","-14","-23","-37","-4","-38","-51","-10"
"日本人移動者","耶麻郡","","-63","-66","-18","-37","-18","-9","-26","-48","-9"
"日本人移動者","河沼郡","","-43","-82","-30","-21","-42","-11","-22","-40","-19"
"日本人移動者","大沼郡","","-19","-56","-28","-5","-22","-10","-14","-34","-18"
"日本人移動者","西白河郡","","-29","-67","31","-21","-18","4","-8","-49","27"
"日本人移動者","東白川郡","","-65","-85","-25","-29","-32","-16","-36","-53","-9"
"日本人移動者","石川郡","","-56","-115","-71","-31","-42","-26","-25","-73","-45"
"日本人移動者","田村郡","","-21","-84","-2","-15","-26","-2","-6","-58","0"
"日本人移動者","双葉郡","","-40","-138","-71","-18","-67","-16","-22","-71","-55"
"日本人移動者","相馬郡","","-13","-42","8","-8","-17","-4","-5","-25","12"
"日本人移動者","茨城県市部","","-451","-3,067","-786","-187","-1,137","-419","-264","-1,930","-367"
"日本人移動者","茨城県郡部","","-93","-560","-338","-44","-235","-137","-49","-325","-201"
"日本人移動者","水戸市","","-44","55","164","-60","51","77","16","4","87"
"日本人移動者","日立市","","-66","-273","-328","4","-69","-212","-70","-204","-116"
"日本人移動者","土浦市","","17","48","-47","-13","59","-42","30","-11","-5"
"日本人移動者","古河市","","17","-123","-103","10","-49","-29","7","-74","-74"
"日本人移動者","石岡市","","-66","-165","-44","-30","-48","-13","-36","-117","-31"
"日本人移動者","結城市","","-12","-78","0","-3","-46","1","-9","-32","-1"
"日本人移動者","龍ケ崎市","","20","-236","-123","46","-125","-79","-26","-111","-44"
"日本人移動者","下妻市","","-49","-8","-61","-26","23","-9","-23","-31","-52"
"日本人移動者","常総市","","-32","-96","-76","-12","-50","-23","-20","-46","-53"
"日本人移動者","常陸太田市","","-73","-204","-57","-43","-93","-27","-30","-111","-30"
"日本人移動者","高萩市","","-45","-48","-73","-31","4","-39","-14","-52","-34"
"日本人移動者","北茨城市","","-47","-114","-25","-32","-53","-7","-15","-61","-18"
"日本人移動者","笠間市","","-72","-155","-84","-47","-61","-35","-25","-94","-49"
"日本人移動者","取手市","","-14","-110","-58","-16","-70","-42","2","-40","-16"
"日本人移動者","牛久市","","34","-14","-41","29","5","6","5","-19","-47"
"日本人移動者","つくば市","","466","-293","221","252","-172","81","214","-121","140"
"日本人移動者","ひたちなか市","","-107","-87","242","-50","28","124","-57","-115","118"
"日本人移動者","鹿嶋市","","38","-64","-29","37","-19","-32","1","-45","3"
"日本人移動者","潮来市","","-23","-64","-2","-3","-18","-6","-20","-46","4"
"日本人移動者","守谷市","","-7","-57","136","8","-31","95","-15","-26","41"
"日本人移動者","常陸大宮市","","-44","-106","-56","-27","-45","-23","-17","-61","-33"
"日本人移動者","那珂市","","-41","-70","50","-30","-36","17","-11","-34","33"
"日本人移動者","筑西市","","-64","-170","-149","-43","-59","-66","-21","-111","-83"
"日本人移動者","坂東市","","-12","-133","-49","-8","-58","-29","-4","-75","-20"
"日本人移動者","稲敷市","","-38","-144","-68","-9","-84","-37","-29","-60","-31"
"日本人移動者","かすみがうら市","","-18","-11","-50","-23","-9","-23","5","-2","-27"
"日本人移動者","桜川市","","-38","-138","-68","-16","-81","-45","-22","-57","-23"
"日本人移動者","神栖市","","-36","22","127","-6","57","69","-30","-35","58"
"日本人移動者","行方市","","-40","-67","-59","-26","-22","-36","-14","-45","-23"
"日本人移動者","鉾田市","","-50","-103","-65","-31","-51","-23","-19","-52","-42"
"日本人移動者","つくばみらい市","","3","9","63","-2","16","38","5","-7","25"
"日本人移動者","小美玉市","","-8","-70","-74","14","-31","-50","-22","-39","-24"
"日本人移動者","東茨城郡","","16","-185","-101","23","-100","-56","-7","-85","-45"
"日本人移動者","那珂郡","","-27","-29","-26","-20","9","-11","-7","-38","-15"
"日本人移動者","久慈郡","","-35","-62","-33","-23","-33","-20","-12","-29","-13"
"日本人移動者","稲敷郡","","-3","-157","-56","-6","-64","-14","3","-93","-42"
"日本人移動者","結城郡","","-22","-54","-50","-11","-22","-19","-11","-32","-31"
"日本人移動者","猿島郡","","-6","-43","-42","2","-8","-14","-8","-35","-28"
"日本人移動者","北相馬郡","","-16","-30","-30","-9","-17","-3","-7","-13","-27"
"日本人移動者","栃木県市部","","-466","-1,349","-5","-232","-320","-42","-234","-1,029","37"
"日本人移動者","栃木県郡部","","-184","-323","-269","-59","-105","-121","-125","-218","-148"
"日本人移動者","宇都宮市","","-1","235","304","36","338","96","-37","-103","208"
"日本人移動者","足利市","","-67","-197","-127","-34","-59","-73","-33","-138","-54"
"日本人移動者","栃木市","","-63","-223","-99","-28","-77","-61","-35","-146","-38"
"日本人移動者","佐野市","","-49","-150","-39","-25","-66","-12","-24","-84","-27"
"日本人移動者","鹿沼市","","-54","-198","-36","-30","-95","-21","-24","-103","-15"
"日本人移動者","日光市","","-62","-170","-75","-42","-82","-34","-20","-88","-41"
"日本人移動者","小山市","","25","-98","66","13","-45","32","12","-53","34"
"日本人移動者","真岡市","","-45","-72","110","-29","-38","54","-16","-34","56"
"日本人移動者","大田原市","","-33","-126","-36","-26","-68","-22","-7","-58","-14"
"日本人移動者","矢板市","","-29","-58","-33","-23","-9","-11","-6","-49","-22"
"日本人移動者","那須塩原市","","-123","-75","-8","-49","0","32","-74","-75","-40"
"日本人移動者","さくら市","","-11","-28","26","-7","-20","8","-4","-8","18"
"日本人移動者","那須烏山市","","-41","-77","-45","-21","-34","-19","-20","-43","-26"
"日本人移動者","下野市","","87","-112","-13","33","-65","-11","54","-47","-2"
"日本人移動者","河内郡","","-7","-33","13","6","-14","14","-13","-19","-1"
"日本人移動者","芳賀郡","","-65","-116","-113","-21","-37","-52","-44","-79","-61"
"日本人移動者","下都賀郡","","-30","-73","-3","-15","-40","17","-15","-33","-20"
"日本人移動者","塩谷郡","","-33","15","-99","-11","48","-68","-22","-33","-31"
"日本人移動者","那須郡","","-49","-116","-67","-18","-62","-32","-31","-54","-35"
"日本人移動者","群馬県市部","","-129","-2,227","-369","77","-1,075","-143","-206","-1,152","-226"
"日本人移動者","群馬県郡部","","-87","-712","-329","-33","-258","-187","-54","-454","-142"
"日本人移動者","前橋市","","-35","-285","-145","-8","-122","-102","-27","-163","-43"
"日本人移動者","高崎市","","242","-575","176","161","-335","96","81","-240","80"
"日本人移動者","桐生市","","-50","-273","-140","-27","-124","-80","-23","-149","-60"
"日本人移動者","伊勢崎市","","4","-155","42","36","-94","58","-32","-61","-16"
"日本人移動者","太田市","","38","-79","48","105","-33","11","-67","-46","37"
"日本人移動者","沼田市","","-66","-146","-47","-38","-68","-13","-28","-78","-34"
"日本人移動者","館林市","","-53","-133","-29","-34","-49","-15","-19","-84","-14"
"日本人移動者","渋川市","","-58","-148","-94","-29","-78","-43","-29","-70","-51"
"日本人移動者","藤岡市","","-45","-117","-48","-25","-43","-10","-20","-74","-38"
"日本人移動者","富岡市","","-55","-103","-68","-27","-27","-40","-28","-76","-28"
"日本人移動者","安中市","","-41","-165","-60","-33","-71","-14","-8","-94","-46"
"日本人移動者","みどり市","","-10","-48","-4","-4","-31","9","-6","-17","-13"
"日本人移動者","北群馬郡","","9","-41","-10","16","-29","-21","-7","-12","11"
"日本人移動者","多野郡","","-6","4","2","-5","5","1","-1","-1","1"
"日本人移動者","甘楽郡","","-25","-83","-20","-16","-40","-14","-9","-43","-6"
"日本人移動者","吾妻郡","","-40","-217","-97","-35","-81","-56","-5","-136","-41"
"日本人移動者","利根郡","","-30","-136","-46","-9","-61","-27","-21","-75","-19"
"日本人移動者","佐波郡","","-7","-91","-62","-12","-28","-29","5","-63","-33"
"日本人移動者","邑楽郡","","12","-148","-96","28","-24","-41","-16","-124","-55"
"日本人移動者","埼玉県市部","","2,690","3,670","940","1,332","1,354","828","1,358","2,316","112"
"日本人移動者","埼玉県郡部","","2","-1,025","-796","21","-590","-393","-19","-435","-403"
"日本人移動者","さいたま市","","845","2,042","1,365","475","899","609","370","1,143","756"
"日本人移動者","川越市","","272","10","-44","141","-27","32","131","37","-76"
"日本人移動者","熊谷市","","31","-240","-148","23","-68","-83","8","-172","-65"
"日本人移動者","川口市","","187","986","288","98","500","253","89","486","35"
"日本人移動者","行田市","","-41","-111","-99","-15","-76","-51","-26","-35","-48"
"日本人移動者","秩父市","","-58","-197","-30","-30","-90","-10","-28","-107","-20"
"日本人移動者","所沢市","","321","16","-184","96","-34","-80","225","50","-104"
"日本人移動者","飯能市","","11","-180","-53","9","-95","-22","2","-85","-31"
"日本人移動者","加須市","","-37","-232","-106","-21","-121","-35","-16","-111","-71"
"日本人移動者","本庄市","","-20","-93","19","-17","-38","23","-3","-55","-4"
"日本人移動者","東松山市","","66","-133","0","41","-57","22","25","-76","-22"
"日本人移動者","春日部市","","-44","-54","-159","-15","-71","-82","-29","17","-77"
"日本人移動者","狭山市","","41","-51","-162","25","-24","-86","16","-27","-76"
"日本人移動者","羽生市","","-20","-84","-54","-20","-43","-19","0","-41","-35"
"日本人移動者","鴻巣市","","11","-144","-86","2","-97","-34","9","-47","-52"
"日本人移動者","深谷市","","-40","-281","-39","-24","-156","-8","-16","-125","-31"
"日本人移動者","上尾市","","-15","44","-53","-15","8","11","0","36","-64"
"日本人移動者","草加市","","149","373","108","86","176","41","63","197","67"
"日本人移動者","越谷市","","62","432","160","8","223","89","54","209","71"
"日本人移動者","蕨市","","38","288","-8","6","155","18","32","133","-26"
"日本人移動者","戸田市","","183","577","214","82","256","111","101","321","103"
"日本人移動者","入間市","","-33","-219","-139","-36","-136","-83","3","-83","-56"
"日本人移動者","朝霞市","","103","270","118","38","151","32","65","119","86"
"日本人移動者","志木市","","50","61","137","28","-5","68","22","66","69"
"日本人移動者","和光市","","152","467","71","112","251","41","40","216","30"
"日本人移動者","新座市","","110","67","30","56","25","0","54","42","30"
"日本人移動者","桶川市","","10","-23","12","-4","-11","25","14","-12","-13"
"日本人移動者","久喜市","","-20","-137","-165","-19","-97","-52","-1","-40","-113"
"日本人移動者","北本市","","-23","-93","-135","-15","-42","-56","-8","-51","-79"
"日本人移動者","八潮市","","47","249","284","32","135","181","15","114","103"
"日本人移動者","富士見市","","59","315","17","22","126","57","37","189","-40"
"日本人移動者","三郷市","","11","52","111","6","7","58","5","45","53"
"日本人移動者","蓮田市","","11","-46","-47","21","-19","7","-10","-27","-54"
"日本人移動者","坂戸市","","96","-90","-77","57","-44","-43","39","-46","-34"
"日本人移動者","幸手市","","-13","-53","-80","-5","-28","-49","-8","-25","-31"
"日本人移動者","鶴ヶ島市","","20","-50","-83","8","-29","-46","12","-21","-37"
"日本人移動者","日高市","","-18","-55","-136","-10","-47","-57","-8","-8","-79"
"日本人移動者","吉川市","","39","48","26","16","-17","7","23","65","19"
"日本人移動者","ふじみ野市","","148","-7","40","92","-60","26","56","53","14"
"日本人移動者","白岡市","","-1","-54","27","-2","-26","13","1","-28","14"
"日本人移動者","北足立郡","","25","29","26","6","-4","51","19","33","-25"
"日本人移動者","入間郡","","40","-120","-180","29","-77","-84","11","-43","-96"
"日本人移動者","比企郡","","-33","-299","-323","-11","-149","-183","-22","-150","-140"
"日本人移動者","秩父郡","","-47","-160","-63","-29","-93","-30","-18","-67","-33"
"日本人移動者","児玉郡","","-21","-180","-112","-14","-99","-77","-7","-81","-35"
"日本人移動者","大里郡","","-9","-99","-51","0","-51","-30","-9","-48","-21"
"日本人移動者","南埼玉郡","","56","-65","7","48","-49","-13","8","-16","20"
"日本人移動者","北葛飾郡","","-9","-131","-100","-8","-68","-27","-1","-63","-73"
"日本人移動者","千葉県市部","","2,743","5,117","435","1,741","2,359","41","1,002","2,758","394"
"日本人移動者","千葉県郡部","","14","-537","-354","19","-273","-176","-5","-264","-178"
"日本人移動者","千葉市","","470","865","-370","264","343","-177","206","522","-193"
"日本人移動者","銚子市","","-57","-266","-104","-29","-114","-68","-28","-152","-36"
"日本人移動者","市川市","","382","2,475","675","192","1,443","282","190","1,032","393"
"日本人移動者","船橋市","","466","1,489","478","324","782","235","142","707","243"
"日本人移動者","館山市","","-71","3","20","-31","24","16","-40","-21","4"
"日本人移動者","木更津市","","11","65","118","38","55","63","-27","10","55"
"日本人移動者","松戸市","","203","1,007","342","97","438","174","106","569","168"
"日本人移動者","野田市","","124","-207","-166","80","-92","-89","44","-115","-77"
"日本人移動者","茂原市","","-66","-91","-61","-36","-19","-23","-30","-72","-38"
"日本人移動者","成田市","","234","661","-252","127","249","-158","107","412","-94"
"日本人移動者","佐倉市","","30","-212","-275","3","-108","-168","27","-104","-107"
"日本人移動者","東金市","","68","-159","-82","52","-88","-21","16","-71","-61"
"日本人移動者","旭市","","-45","-86","-20","-44","-11","16","-1","-75","-36"
"日本人移動者","習志野市","","374","237","247","302","99","119","72","138","128"
"日本人移動者","柏市","","219","356","99","125","174","-3","94","182","102"
"日本人移動者","勝浦市","","65","-333","-41","71","-260","-14","-6","-73","-27"
"日本人移動者","市原市","","91","-190","-218","119","-96","-103","-28","-94","-115"
"日本人移動者","流山市","","77","245","610","26","101","231","51","144","379"
"日本人移動者","八千代市","","-8","-62","-7","5","7","65","-13","-69","-72"
"日本人移動者","我孫子市","","39","-86","-99","30","-95","-65","9","9","-34"
"日本人移動者","鴨川市","","-4","8","-36","-12","2","-8","8","6","-28"
"日本人移動者","鎌ケ谷市","","55","91","-89","12","53","-26","43","38","-63"
"日本人移動者","君津市","","100","-137","-105","95","-73","-39","5","-64","-66"
"日本人移動者","富津市","","8","-48","-51","28","-14","-40","-20","-34","-11"
"日本人移動者","浦安市","","193","1,067","55","62","459","-28","131","608","83"
"日本人移動者","四街道市","","37","-54","78","5","-34","67","32","-20","11"
"日本人移動者","袖ケ浦市","","-43","-35","28","-37","-39","13","-6","4","15"
"日本人移動者","八街市","","-75","-216","-82","-39","-105","-57","-36","-111","-25"
"日本人移動者","印西市","","203","-436","138","105","-270","61","98","-166","77"
"日本人移動者","白井市","","-26","-91","-79","-19","-48","-43","-7","-43","-36"
"日本人移動者","富里市","","1","36","-42","-4","2","-12","5","34","-30"
"日本人移動者","南房総市","","-82","-106","-18","-52","-43","-6","-30","-63","-12"
"日本人移動者","匝瑳市","","-30","-88","-49","-10","-18","-23","-20","-70","-26"
"日本人移動者","香取市","","-59","-198","-76","-26","-99","-43","-33","-99","-33"
"日本人移動者","山武市","","-50","-161","-69","-30","-91","-30","-20","-70","-39"
"日本人移動者","いすみ市","","-60","-106","-60","-38","-65","-47","-22","-41","-13"
"日本人移動者","大網白里市","","-31","-120","-2","-14","-90","-10","-17","-30","8"
"日本人移動者","印旛郡","","114","-153","-101","85","-99","-41","29","-54","-60"
"日本人移動者","香取郡","","-56","-78","-43","-29","-39","-19","-27","-39","-24"
"日本人移動者","山武郡","","-60","-132","-72","-38","-63","-52","-22","-69","-20"
"日本人移動者","長生郡","","37","-103","-106","13","-42","-52","24","-61","-54"
"日本人移動者","夷隅郡","","-8","-40","-23","-4","-12","-10","-4","-28","-13"
"日本人移動者","安房郡","","-13","-31","-9","-8","-18","-2","-5","-13","-7"
"日本人移動者","東京都市部","","16,641","51,141","17,699","8,265","23,917","8,954","8,376","27,224","8,745"
"日本人移動者","東京都郡部","","-97","-104","-15","-31","-57","22","-66","-47","-37"
"日本人移動者","特別区部","","9,991","48,597","19,462","4,814","23,009","9,978","5,177","25,588","9,484"
"日本人移動者","八王子市","","2,090","-1,658","-737","1,167","-990","-395","923","-668","-342"
"日本人移動者","立川市","","310","564","83","122","327","-8","188","237","91"
"日本人移動者","武蔵野市","","194","644","156","81","286","68","113","358","88"
"日本人移動者","三鷹市","","333","564","20","145","286","24","188","278","-4"
"日本人移動者","青梅市","","-20","-106","-254","-15","16","-137","-5","-122","-117"
"日本人移動者","府中市","","441","500","-215","245","285","-121","196","215","-94"
"日本人移動者","昭島市","","10","80","-40","1","45","-14","9","35","-26"
"日本人移動者","調布市","","464","915","92","260","409","31","204","506","61"
"日本人移動者","町田市","","409","-275","-240","195","-140","-107","214","-135","-133"
"日本人移動者","小金井市","","176","432","-35","82","147","-34","94","285","-1"
"日本人移動者","小平市","","431","-15","9","188","8","11","243","-23","-2"
"日本人移動者","日野市","","399","61","104","240","-26","70","159","87","34"
"日本人移動者","東村山市","","139","10","-231","73","0","-145","66","10","-86"
"日本人移動者","国分寺市","","262","305","-31","133","152","0","129","153","-31"
"日本人移動者","国立市","","153","73","-17","49","76","-26","104","-3","9"
"日本人移動者","福生市","","13","65","-69","12","29","-55","1","36","-14"
"日本人移動者","狛江市","","119","363","-28","68","127","-42","51","236","14"
"日本人移動者","東大和市","","8","-25","-61","-5","-9","-38","13","-16","-23"
"日本人移動者","清瀬市","","53","8","13","10","11","34","43","-3","-21"
"日本人移動者","東久留米市","","33","-35","-136","2","-16","-37","31","-19","-99"
"日本人移動者","武蔵村山市","","14","-94","-31","8","-41","-19","6","-53","-12"
"日本人移動者","多摩市","","216","-10","-120","150","-54","-78","66","44","-42"
"日本人移動者","稲城市","","78","115","221","31","58","112","47","57","109"
"日本人移動者","羽村市","","93","-62","-85","93","-64","-46","0","2","-39"
"日本人移動者","あきる野市","","-17","-81","-30","-19","-36","-20","2","-45","-10"
"日本人移動者","西東京市","","249","206","-101","135","22","-52","114","184","-49"
"日本人移動者","西多摩郡","","9","-133","-80","32","-89","-23","-23","-44","-57"
"日本人移動者","大島支庁","","-38","-6","31","-27","3","21","-11","-9","10"
"日本人移動者","三宅支庁","","-3","9","6","1","8","4","-4","1","2"
"日本人移動者","八丈支庁","","-55","21","14","-32","17","7","-23","4","7"
"日本人移動者","小笠原支庁","","-10","5","14","-5","4","13","-5","1","1"
"日本人移動者","神奈川県市部","","5,723","11,057","844","3,475","5,335","-31","2,248","5,722","875"
"日本人移動者","神奈川県郡部","","-52","-436","-338","-36","-176","-156","-16","-260","-182"
"日本人移動者","横浜市","","1,911","5,337","217","1,091","2,356","-195","820","2,981","412"
"日本人移動者","川崎市","","1,555","6,826","2,134","842","3,603","943","713","3,223","1,191"
"日本人移動者","相模原市","","463","155","-526","196","60","-172","267","95","-354"
"日本人移動者","横須賀市","","658","-849","-408","586","-570","-222","72","-279","-186"
"日本人移動者","平塚市","","147","-88","-65","120","-44","11","27","-44","-76"
"日本人移動者","鎌倉市","","4","-83","-186","-9","-46","-127","13","-37","-59"
"日本人移動者","藤沢市","","279","125","213","198","151","65","81","-26","148"
"日本人移動者","小田原市","","23","-150","-118","-9","-90","-78","32","-60","-40"
"日本人移動者","茅ヶ崎市","","25","-189","116","9","-141","53","16","-48","63"
"日本人移動者","逗子市","","2","-51","-48","-1","-40","-34","3","-11","-14"
"日本人移動者","三浦市","","-24","-93","-117","-11","-52","-60","-13","-41","-57"
"日本人移動者","秦野市","","155","-310","-256","126","-183","-121","29","-127","-135"
"日本人移動者","厚木市","","207","60","-225","138","81","-136","69","-21","-89"
"日本人移動者","大和市","","62","416","154","34","212","105","28","204","49"
"日本人移動者","伊勢原市","","99","120","-50","76","92","-37","23","28","-13"
"日本人移動者","海老名市","","42","70","109","25","7","27","17","63","82"
"日本人移動者","座間市","","116","-100","0","50","-35","-6","66","-65","6"
"日本人移動者","南足柄市","","-18","-85","-59","-8","-26","-44","-10","-59","-15"
"日本人移動者","綾瀬市","","17","-54","-41","22","0","-3","-5","-54","-38"
"日本人移動者","三浦郡","","-4","-46","-33","-3","-29","-17","-1","-17","-16"
"日本人移動者","高座郡","","-8","-16","40","0","-9","15","-8","-7","25"
"日本人移動者","中郡","","-49","-100","-102","-33","-28","-48","-16","-72","-54"
"日本人移動者","足柄上郡","","-18","-131","-51","-12","-66","-16","-6","-65","-35"
"日本人移動者","足柄下郡","","23","-81","-96","-3","-40","-34","26","-41","-62"
"日本人移動者","愛甲郡","","4","-62","-96","15","-4","-56","-11","-58","-40"
"日本人移動者","新潟県市部","","-1,202","-3,641","-548","-568","-1,577","-314","-634","-2,064","-234"
"日本人移動者","新潟県郡部","","-142","-286","-59","-80","-142","-11","-62","-144","-48"
"日本人移動者","新潟市","","6","-773","-11","-21","-372","-46","27","-401","35"
"日本人移動者","長岡市","","-137","-343","34","-90","-142","24","-47","-201","10"
"日本人移動者","三条市","","-78","-173","11","-38","-62","35","-40","-111","-24"
"日本人移動者","柏崎市","","-83","-117","-41","-39","-59","-22","-44","-58","-19"
"日本人移動者","新発田市","","14","-180","-103","39","-87","-77","-25","-93","-26"
"日本人移動者","小千谷市","","-45","-81","-6","-18","-34","-2","-27","-47","-4"
"日本人移動者","加茂市","","7","-80","-59","13","-43","-34","-6","-37","-25"
"日本人移動者","十日町市","","-82","-218","-60","-33","-97","-40","-49","-121","-20"
"日本人移動者","見附市","","-31","-41","21","-19","-17","13","-12","-24","8"
"日本人移動者","村上市","","-64","-174","-58","-36","-84","-24","-28","-90","-34"
"日本人移動者","燕市","","-59","-130","-27","-28","-60","-6","-31","-70","-21"
"日本人移動者","糸魚川市","","-40","-95","-41","-24","-18","-18","-16","-77","-23"
"日本人移動者","妙高市","","-52","-128","-29","-24","-62","-7","-28","-66","-22"
"日本人移動者","五泉市","","-60","-105","-71","-30","-41","-22","-30","-64","-49"
"日本人移動者","上越市","","-167","-353","-21","-50","-123","-44","-117","-230","23"
"日本人移動者","阿賀野市","","-38","-110","-73","-18","-46","-26","-20","-64","-47"
"日本人移動者","佐渡市","","-106","-148","-10","-56","-77","-5","-50","-71","-5"
"日本人移動者","魚沼市","","-78","-142","-7","-47","-68","-9","-31","-74","2"
"日本人移動者","南魚沼市","","-100","-197","15","-48","-68","-1","-52","-129","16"
"日本人移動者","胎内市","","-9","-53","-12","-1","-17","-3","-8","-36","-9"
"日本人移動者","北蒲原郡","","-32","-73","9","-20","-54","9","-12","-19","0"
"日本人移動者","西蒲原郡","","-20","-26","2","-18","-12","4","-2","-14","-2"
"日本人移動者","南蒲原郡","","-12","-50","-16","-9","-29","-7","-3","-21","-9"
"日本人移動者","東蒲原郡","","-19","-37","-6","-6","-15","-7","-13","-22","1"
"日本人移動者","三島郡","","-3","-12","-7","-2","-6","-4","-1","-6","-3"
"日本人移動者","南魚沼郡","","-12","-22","-9","-9","-9","3","-3","-13","-12"
"日本人移動者","中魚沼郡","","-30","-33","-15","-11","-13","-1","-19","-20","-14"
"日本人移動者","刈羽郡","","2","-14","-6","-1","1","-3","3","-15","-3"
"日本人移動者","岩船郡","","-16","-19","-11","-4","-5","-5","-12","-14","-6"
"日本人移動者","富山県市部","","-329","-526","-140","-141","27","-13","-188","-553","-127"
"日本人移動者","富山県郡部","","-79","-168","-81","-28","-46","-38","-51","-122","-43"
"日本人移動者","富山市","","-15","-92","26","41","80","51","-56","-172","-25"
"日本人移動者","高岡市","","-25","-63","-50","-12","24","-12","-13","-87","-38"
"日本人移動者","魚津市","","-43","-39","6","-29","-7","-4","-14","-32","10"
"日本人移動者","氷見市","","-40","-92","-27","-21","-43","-14","-19","-49","-13"
"日本人移動者","滑川市","","-32","18","25","-14","40","15","-18","-22","10"
"日本人移動者","黒部市","","-20","42","-26","-15","50","-17","-5","-8","-9"
"日本人移動者","砺波市","","-35","-26","-6","-19","12","-8","-16","-38","2"
"日本人移動者","小矢部市","","-24","-37","-80","-13","-14","-38","-11","-23","-42"
"日本人移動者","南砺市","","-54","-92","-39","-32","-36","-3","-22","-56","-36"
"日本人移動者","射水市","","-41","-145","31","-27","-79","17","-14","-66","14"
"日本人移動者","中新川郡","","-52","-89","-41","-17","-34","-17","-35","-55","-24"
"日本人移動者","下新川郡","","-27","-79","-40","-11","-12","-21","-16","-67","-19"
"日本人移動者","石川県市部","","422","-1,272","-68","316","-893","-60","106","-379","-8"
"日本人移動者","石川県郡部","","-97","-317","-125","-53","-162","-65","-44","-155","-60"
"日本人移動者","金沢市","","375","-308","21","233","-281","-5","142","-27","26"
"日本人移動者","七尾市","","-57","-149","-62","-36","-69","-37","-21","-80","-25"
"日本人移動者","小松市","","-15","-58","46","10","-19","43","-25","-39","3"
"日本人移動者","輪島市","","92","-100","-39","60","-57","-24","32","-43","-15"
"日本人移動者","珠洲市","","-29","-22","-21","-17","-5","-11","-12","-17","-10"
"日本人移動者","加賀市","","-48","-109","-80","-30","-65","-31","-18","-44","-49"
"日本人移動者","羽咋市","","-14","-39","-23","-10","-20","-13","-4","-19","-10"
"日本人移動者","かほく市","","9","-74","12","-7","-25","8","16","-49","4"
"日本人移動者","白山市","","-67","-146","-11","-45","-95","-22","-22","-51","11"
"日本人移動者","能美市","","-38","-32","-24","-19","-7","-33","-19","-25","9"
"日本人移動者","野々市市","","214","-235","113","177","-250","65","37","15","48"
"日本人移動者","能美郡","","-2","-3","0","-2","-3","-1","0","0","1"
"日本人移動者","河北郡","","-45","-59","-40","-40","-40","-19","-5","-19","-21"
"日本人移動者","羽咋郡","","-39","-80","-51","-18","-30","-28","-21","-50","-23"
"日本人移動者","鹿島郡","","-16","-61","-10","-13","-18","-5","-3","-43","-5"
"日本人移動者","鳳珠郡","","5","-114","-24","20","-71","-12","-15","-43","-12"
"日本人移動者","福井県市部","","-324","-837","-71","-166","-360","-48","-158","-477","-23"
"日本人移動者","福井県郡部","","-80","-289","-144","-45","-137","-88","-35","-152","-56"
"日本人移動者","福井市","","-1","-169","122","12","-107","33","-13","-62","89"
"日本人移動者","敦賀市","","-47","-32","-48","-27","10","-27","-20","-42","-21"
"日本人移動者","小浜市","","-40","-56","13","-28","-17","4","-12","-39","9"
"日本人移動者","大野市","","-18","-103","-71","-8","-40","-39","-10","-63","-32"
"日本人移動者","勝山市","","-30","-42","-38","-16","-19","-9","-14","-23","-29"
"日本人移動者","鯖江市","","-24","-66","90","-19","-28","37","-5","-38","53"
"日本人移動者","あわら市","","-33","-54","-40","-21","-20","-17","-12","-34","-23"
"日本人移動者","越前市","","-66","-163","-85","-24","-79","-24","-42","-84","-61"
"日本人移動者","坂井市","","-65","-152","-14","-35","-60","-6","-30","-92","-8"
"日本人移動者","吉田郡","","1","-68","-71","-8","-30","-32","9","-38","-39"
"日本人移動者","今立郡","","-2","-5","-7","0","-2","-5","-2","-3","-2"
"日本人移動者","南条郡","","-11","-39","-10","-5","-21","0","-6","-18","-10"
"日本人移動者","丹生郡","","-16","-44","-26","-5","-14","-15","-11","-30","-11"
"日本人移動者","三方郡","","-16","-34","-3","-7","-17","-6","-9","-17","3"
"日本人移動者","大飯郡","","-18","-56","-7","-12","-30","-22","-6","-26","15"
"日本人移動者","三方上中郡","","-18","-43","-20","-8","-23","-8","-10","-20","-12"
"日本人移動者","山梨県市部","","103","-1,768","-277","12","-805","-72","91","-963","-205"
"日本人移動者","山梨県郡部","","-69","-168","-128","-25","3","-68","-44","-171","-60"
"日本人移動者","甲府市","","173","-329","-51","88","-183","-22","85","-146","-29"
"日本人移動者","富士吉田市","","-28","-143","-21","-5","-76","1","-23","-67","-22"
"日本人移動者","都留市","","227","-354","-21","93","-115","2","134","-239","-23"
"日本人移動者","山梨市","","-46","-87","-43","-29","-42","-18","-17","-45","-25"
"日本人移動者","大月市","","23","-134","-87","11","-68","-53","12","-66","-34"
"日本人移動者","韮崎市","","-39","-66","-48","-18","-31","-17","-21","-35","-31"
"日本人移動者","南アルプス市","","-56","-107","-42","-22","-59","-18","-34","-48","-24"
"日本人移動者","北杜市","","-38","-130","-26","-22","-47","-12","-16","-83","-14"
"日本人移動者","甲斐市","","5","-32","165","-21","22","87","26","-54","78"
"日本人移動者","笛吹市","","-68","-93","-16","-29","-55","-11","-39","-38","-5"
"日本人移動者","上野原市","","-5","-166","-34","0","-92","-1","-5","-74","-33"
"日本人移動者","甲州市","","-37","-105","-18","-26","-45","-7","-11","-60","-11"
"日本人移動者","中央市","","-8","-22","-35","-8","-14","-3","0","-8","-32"
"日本人移動者","西八代郡","","-14","-40","-26","-7","-19","-7","-7","-21","-19"
"日本人移動者","南巨摩郡","","-51","-114","-73","-25","-33","-40","-26","-81","-33"
"日本人移動者","中巨摩郡","","-17","22","6","-15","22","-12","-2","0","18"
"日本人移動者","南都留郡","","16","-44","-34","24","31","-10","-8","-75","-24"
"日本人移動者","北都留郡","","-3","8","-1","-2","2","1","-1","6","-2"
"日本人移動者","長野県市部","","-1,236","-1,730","60","-670","-573","-27","-566","-1,157","87"
"日本人移動者","長野県郡部","","-522","-1,027","-304","-272","-421","-141","-250","-606","-163"
"日本人移動者","長野市","","-201","-318","-38","-94","-148","7","-107","-170","-45"
"日本人移動者","松本市","","-17","-128","-1","7","-48","-30","-24","-80","29"
"日本人移動者","上田市","","-96","-144","6","-52","-26","-9","-44","-118","15"
"日本人移動者","岡谷市","","-65","-63","-3","-30","-30","-19","-35","-33","16"
"日本人移動者","飯田市","","-105","-86","32","-83","15","20","-22","-101","12"
"日本人移動者","諏訪市","","-22","6","5","-5","35","-6","-17","-29","11"
"日本人移動者","須坂市","","-52","-54","40","-16","-24","19","-36","-30","21"
"日本人移動者","小諸市","","-49","-77","-47","-19","-49","-20","-30","-28","-27"
"日本人移動者","伊那市","","-65","-148","8","-44","-83","11","-21","-65","-3"
"日本人移動者","駒ヶ根市","","-48","-25","-5","-25","18","-21","-23","-43","16"
"日本人移動者","中野市","","-61","-74","-45","-41","-13","-19","-20","-61","-26"
"日本人移動者","大町市","","-42","-72","-21","-30","-31","-13","-12","-41","-8"
"日本人移動者","飯山市","","-40","-82","-46","-23","-41","-29","-17","-41","-17"
"日本人移動者","茅野市","","-11","-21","22","10","20","12","-21","-41","10"
"日本人移動者","塩尻市","","-49","6","60","-40","46","22","-9","-40","38"
"日本人移動者","佐久市","","-112","-135","61","-75","-66","43","-37","-69","18"
"日本人移動者","千曲市","","-54","-136","-1","-32","-61","-6","-22","-75","5"
"日本人移動者","東御市","","-27","-47","15","-16","-7","-7","-11","-40","22"
"日本人移動者","安曇野市","","-120","-132","18","-62","-80","18","-58","-52","0"
"日本人移動者","南佐久郡","","-36","-107","-69","-17","-46","-24","-19","-61","-45"
"日本人移動者","北佐久郡","","-26","-10","-47","-21","-23","-21","-5","13","-26"
"日本人移動者","小県郡","","-18","-26","-18","-7","-14","-13","-11","-12","-5"
"日本人移動者","諏訪郡","","-19","-104","-40","1","-35","-13","-20","-69","-27"
"日本人移動者","上伊那郡","","-87","-145","4","-41","-48","0","-46","-97","4"
"日本人移動者","下伊那郡","","-102","-135","-30","-73","-52","-20","-29","-83","-10"
"日本人移動者","木曽郡","","-46","-94","-10","-17","-40","-10","-29","-54","0"
"日本人移動者","東筑摩郡","","-17","-71","-8","-2","-18","-2","-15","-53","-6"
"日本人移動者","北安曇郡","","-58","-63","-17","-28","-25","-3","-30","-38","-14"
"日本人移動者","埴科郡","","-17","-44","-6","-13","-10","-7","-4","-34","1"
"日本人移動者","上高井郡","","-31","-59","-26","-19","-35","-22","-12","-24","-4"
"日本人移動者","下高井郡","","-28","-95","-7","-13","-48","3","-15","-47","-10"
"日本人移動者","上水内郡","","-32","-68","-30","-18","-26","-8","-14","-42","-22"
"日本人移動者","下水内郡","","-5","-6","0","-4","-1","-1","-1","-5","1"
"日本人移動者","岐阜県市部","","-835","-2,110","-1,109","-541","-1,092","-406","-294","-1,018","-703"
"日本人移動者","岐阜県郡部","","-191","-493","-367","-93","-224","-196","-98","-269","-171"
"日本人移動者","岐阜市","","-20","-266","-252","-63","-130","-69","43","-136","-183"
"日本人移動者","大垣市","","73","-122","-140","48","-58","-69","25","-64","-71"
"日本人移動者","高山市","","-110","-192","15","-65","-100","-4","-45","-92","19"
"日本人移動者","多治見市","","-87","-173","-103","-61","-91","-20","-26","-82","-83"
"日本人移動者","関市","","-35","-171","-174","-16","-102","-42","-19","-69","-132"
"日本人移動者","中津川市","","-65","-138","-67","-49","-84","-17","-16","-54","-50"
"日本人移動者","美濃市","","-18","-50","-39","-7","-26","-15","-11","-24","-24"
"日本人移動者","瑞浪市","","-178","-36","-51","-120","-16","-19","-58","-20","-32"
"日本人移動者","羽島市","","-35","-50","-69","-28","-25","-24","-7","-25","-45"
"日本人移動者","恵那市","","-59","-101","-68","-37","-34","-30","-22","-67","-38"
"日本人移動者","美濃加茂市","","3","-52","-40","6","-23","-26","-3","-29","-14"
"日本人移動者","土岐市","","-38","-82","-28","-27","-46","0","-11","-36","-28"
"日本人移動者","各務原市","","-47","0","61","-17","38","3","-30","-38","58"
"日本人移動者","可児市","","-28","-57","-23","-13","-27","3","-15","-30","-26"
"日本人移動者","山県市","","-27","-83","-66","-16","-49","-45","-11","-34","-21"
"日本人移動者","瑞穂市","","15","7","99","19","-14","33","-4","21","66"
"日本人移動者","飛騨市","","-56","-94","-15","-31","-39","-4","-25","-55","-11"
"日本人移動者","本巣市","","32","-80","-46","23","-76","-21","9","-4","-25"
"日本人移動者","郡上市","","-60","-167","-30","-30","-80","-5","-30","-87","-25"
"日本人移動者","下呂市","","-64","-110","-2","-40","-46","2","-24","-64","-4"
"日本人移動者","海津市","","-31","-93","-71","-17","-64","-37","-14","-29","-34"
"日本人移動者","羽島郡","","17","88","66","9","39","36","8","49","30"
"日本人移動者","養老郡","","-29","-110","-62","-8","-51","-28","-21","-59","-34"
"日本人移動者","不破郡","","-30","-85","-58","-17","-31","-26","-13","-54","-32"
"日本人移動者","安八郡","","-20","-66","-19","-12","-32","9","-8","-34","-28"
"日本人移動者","揖斐郡","","-71","-141","-170","-33","-54","-112","-38","-87","-58"
"日本人移動者","本巣郡","","8","-19","-7","-1","-21","-4","9","2","-3"
"日本人移動者","加茂郡","","-59","-117","-92","-28","-55","-47","-31","-62","-45"
"日本人移動者","可児郡","","-2","-37","-25","1","-19","-22","-3","-18","-3"
"日本人移動者","大野郡","","-5","-6","0","-4","0","-2","-1","-6","2"
"日本人移動者","静岡県市部","","-1,799","-2,517","-641","-918","-601","-348","-881","-1,916","-293"
"日本人移動者","静岡県郡部","","-117","-310","37","-35","-129","37","-82","-181","0"
"日本人移動者","静岡市","","-84","-373","10","-46","-187","-28","-38","-186","38"
"日本人移動者","浜松市","","-327","-275","-123","-203","5","-20","-124","-280","-103"
"日本人移動者","沼津市","","-124","-235","-126","-52","-35","-93","-72","-200","-33"
"日本人移動者","熱海市","","32","-53","-34","23","-29","-7","9","-24","-27"
"日本人移動者","三島市","","-37","-202","45","-11","-79","31","-26","-123","14"
"日本人移動者","富士宮市","","-141","-114","-30","-88","-30","-9","-53","-84","-21"
"日本人移動者","伊東市","","-123","-127","-19","-89","-68","3","-34","-59","-22"
"日本人移動者","島田市","","-56","-137","-7","-22","-59","1","-34","-78","-8"
"日本人移動者","富士市","","-178","-309","-45","-98","-95","-20","-80","-214","-25"
"日本人移動者","磐田市","","-96","22","-93","-55","97","-59","-41","-75","-34"
"日本人移動者","焼津市","","-125","-167","-99","-81","-52","-57","-44","-115","-42"
"日本人移動者","掛川市","","-64","-57","33","-30","0","10","-34","-57","23"
"日本人移動者","藤枝市","","-141","-137","-40","-73","-101","-20","-68","-36","-20"
"日本人移動者","御殿場市","","38","-45","64","81","1","26","-43","-46","38"
"日本人移動者","袋井市","","-61","24","73","-42","42","29","-19","-18","44"
"日本人移動者","下田市","","-50","-41","-19","-20","-5","-8","-30","-36","-11"
"日本人移動者","裾野市","","-26","-32","26","1","-15","-2","-27","-17","28"
"日本人移動者","湖西市","","-67","3","-51","-21","20","-34","-46","-17","-17"
"日本人移動者","伊豆市","","-25","-95","-75","-25","-39","-31","0","-56","-44"
"日本人移動者","御前崎市","","-13","-33","-42","0","2","-26","-13","-35","-16"
"日本人移動者","菊川市","","-28","-32","37","-10","9","18","-18","-41","19"
"日本人移動者","伊豆の国市","","-54","-77","-34","-28","-29","-9","-26","-48","-25"
"日本人移動者","牧之原市","","-49","-25","-92","-29","46","-43","-20","-71","-49"
"日本人移動者","賀茂郡","","-85","-89","-43","-44","-38","-17","-41","-51","-26"
"日本人移動者","田方郡","","-10","-91","-1","-5","-37","9","-5","-54","-10"
"日本人移動者","駿東郡","","19","-49","162","42","-43","85","-23","-6","77"
"日本人移動者","榛原郡","","-17","-52","-25","-17","-3","-10","0","-49","-15"
"日本人移動者","周智郡","","-24","-29","-56","-11","-8","-30","-13","-21","-26"
"日本人移動者","愛知県市部","","2,352","5,423","861","2,001","3,731","175","351","1,692","686"
"日本人移動者","愛知県郡部","","57","-23","125","95","40","89","-38","-63","36"
"日本人移動者","名古屋市","","821","4,911","917","377","2,689","488","444","2,222","429"
"日本人移動者","豊橋市","","-80","-193","-243","-30","-41","-163","-50","-152","-80"
"日本人移動者","岡崎市","","-70","287","241","-37","269","157","-33","18","84"
"日本人移動者","一宮市","","-141","-167","-83","-118","-88","12","-23","-79","-95"
"日本人移動者","瀬戸市","","-34","-168","-80","-27","-94","-37","-7","-74","-43"
"日本人移動者","半田市","","1","44","-60","8","31","14","-7","13","-74"
"日本人移動者","春日井市","","100","-80","182","51","-29","92","49","-51","90"
"日本人移動者","豊川市","","19","-30","46","27","-22","9","-8","-8","37"
"日本人移動者","津島市","","-12","-81","-54","10","-53","-23","-22","-28","-31"
"日本人移動者","碧南市","","9","14","-23","21","-1","-16","-12","15","-7"
"日本人移動者","刈谷市","","218","416","103","179","279","-29","39","137","132"
"日本人移動者","豊田市","","1,048","410","-547","1,008","460","-438","40","-50","-109"
"日本人移動者","安城市","","109","-10","61","128","60","21","-19","-70","40"
"日本人移動者","西尾市","","6","-136","-123","17","-31","-86","-11","-105","-37"
"日本人移動者","蒲郡市","","-16","-79","-83","-17","-41","-36","1","-38","-47"
"日本人移動者","犬山市","","-22","9","-29","-9","10","-13","-13","-1","-16"
"日本人移動者","常滑市","","10","150","-30","2","61","-21","8","89","-9"
"日本人移動者","江南市","","-28","-122","41","-19","-48","24","-9","-74","17"
"日本人移動者","小牧市","","49","25","-159","41","64","-62","8","-39","-97"
"日本人移動者","稲沢市","","12","-30","-39","8","23","-28","4","-53","-11"
"日本人移動者","新城市","","-67","-102","-61","-33","-56","-16","-34","-46","-45"
"日本人移動者","東海市","","336","137","-3","297","57","-66","39","80","63"
"日本人移動者","大府市","","74","122","268","63","110","122","11","12","146"
"日本人移動者","知多市","","-37","-16","-65","-12","-8","-57","-25","-8","-8"
"日本人移動者","知立市","","-35","143","71","-25","125","39","-10","18","32"
"日本人移動者","尾張旭市","","2","-80","-15","2","-46","-30","0","-34","15"
"日本人移動者","高浜市","","33","30","14","32","19","-5","1","11","19"
"日本人移動者","岩倉市","","1","-1","153","-5","12","69","6","-13","84"
"日本人移動者","豊明市","","-27","-15","-33","-1","-5","4","-26","-10","-37"
"日本人移動者","日進市","","18","10","218","7","2","125","11","8","93"
"日本人移動者","田原市","","37","-163","-112","61","-104","-73","-24","-59","-39"
"日本人移動者","愛西市","","-30","-107","-85","-16","-53","-34","-14","-54","-51"
"日本人移動者","清須市","","25","60","132","17","33","73","8","27","59"
"日本人移動者","北名古屋市","","1","191","149","-7","91","59","8","100","90"
"日本人移動者","弥富市","","-26","23","-40","-7","6","-20","-19","17","-20"
"日本人移動者","みよし市","","-9","19","86","-16","44","26","7","-25","60"
"日本人移動者","あま市","","-37","-44","1","-24","-16","4","-13","-28","-3"
"日本人移動者","愛知郡","","-2","11","61","-1","-7","25","-1","18","36"
"日本人移動者","西春日井郡","","9","48","13","6","26","4","3","22","9"
"日本人移動者","丹羽郡","","-4","30","29","21","37","13","-25","-7","16"
"日本人移動者","海部郡","","14","52","70","9","34","32","5","18","38"
"日本人移動者","知多郡","","25","-179","-101","22","-77","-33","3","-102","-68"
"日本人移動者","額田郡","","38","48","76","50","42","63","-12","6","13"
"日本人移動者","北設楽郡","","-23","-33","-23","-12","-15","-15","-11","-18","-8"
"日本人移動者","三重県市部","","-707","-1,237","-617","-488","-390","-313","-219","-847","-304"
"日本人移動者","三重県郡部","","-197","-411","8","-105","-169","-23","-92","-242","31"
"日本人移動者","津市","","-65","-170","-76","-46","-46","-80","-19","-124","4"
"日本人移動者","四日市市","","-87","185","57","-34","200","53","-53","-15","4"
"日本人移動者","伊勢市","","-84","-202","-32","-61","-116","-8","-23","-86","-24"
"日本人移動者","松阪市","","-86","-148","-69","-87","-24","-21","1","-124","-48"
"日本人移動者","桑名市","","-8","-195","-35","-36","-77","-20","28","-118","-15"
"日本人移動者","鈴鹿市","","-73","-106","-63","-52","-36","-34","-21","-70","-29"
"日本人移動者","名張市","","-51","-190","-46","-36","-102","-31","-15","-88","-15"
"日本人移動者","尾鷲市","","-19","-20","-14","-12","-6","-5","-7","-14","-9"
"日本人移動者","亀山市","","-12","-25","-19","-14","-14","-9","2","-11","-10"
"日本人移動者","鳥羽市","","-30","-43","-33","-7","-29","-18","-23","-14","-15"
"日本人移動者","熊野市","","-50","-38","-3","-39","-11","-5","-11","-27","2"
"日本人移動者","いなべ市","","43","-53","-121","39","-20","-66","4","-33","-55"
"日本人移動者","志摩市","","-81","-140","-49","-52","-58","-22","-29","-82","-27"
"日本人移動者","伊賀市","","-104","-92","-114","-51","-51","-47","-53","-41","-67"
"日本人移動者","桑名郡","","1","-19","-13","0","-7","-9","1","-12","-4"
"日本人移動者","員弁郡","","-2","-64","7","-4","-40","11","2","-24","-4"
"日本人移動者","三重郡","","16","30","78","5","21","27","11","9","51"
"日本人移動者","多気郡","","-65","-60","38","-37","-21","10","-28","-39","28"
"日本人移動者","度会郡","","-69","-141","-89","-35","-55","-48","-34","-86","-41"
"日本人移動者","北牟婁郡","","-31","-66","-18","-12","-31","-12","-19","-35","-6"
"日本人移動者","南牟婁郡","","-47","-91","5","-22","-36","-2","-25","-55","7"
"日本人移動者","滋賀県市部","","151","-1,171","-119","144","-661","-84","7","-510","-35"
"日本人移動者","滋賀県郡部","","22","-129","-134","28","-50","-60","-6","-79","-74"
"日本人移動者","大津市","","8","-332","-150","-8","-214","-81","16","-118","-69"
"日本人移動者","彦根市","","46","-22","-37","15","27","-32","31","-49","-5"
"日本人移動者","長浜市","","-48","-164","-135","-21","-68","-82","-27","-96","-53"
"日本人移動者","近江八幡市","","17","-66","-18","7","-35","25","10","-31","-43"
"日本人移動者","草津市","","209","-52","170","148","-81","50","61","29","120"
"日本人移動者","守山市","","-4","-42","140","-1","-37","67","-3","-5","73"
"日本人移動者","栗東市","","1","40","238","0","-10","115","1","50","123"
"日本人移動者","甲賀市","","-29","-172","-64","-15","-105","-18","-14","-67","-46"
"日本人移動者","野洲市","","-27","-6","-31","-22","28","-34","-5","-34","3"
"日本人移動者","湖南市","","54","-48","-53","66","-26","-26","-12","-22","-27"
"日本人移動者","高島市","","-31","-125","-82","-8","-54","-30","-23","-71","-52"
"日本人移動者","東近江市","","-41","-123","-73","-6","-55","-28","-35","-68","-45"
"日本人移動者","米原市","","-4","-59","-24","-11","-31","-10","7","-28","-14"
"日本人移動者","蒲生郡","","34","-109","-90","39","-54","-53","-5","-55","-37"
"日本人移動者","愛知郡","","3","34","-35","-3","36","-18","6","-2","-17"
"日本人移動者","犬上郡","","-15","-54","-9","-8","-32","11","-7","-22","-20"
"日本人移動者","京都府市部","","2,196","-334","-1,491","1,269","-714","-734","927","380","-757"
"日本人移動者","京都府郡部","","-138","-400","-115","-74","-180","-56","-64","-220","-59"
"日本人移動者","京都市","","2,030","1,314","-987","1,105","272","-428","925","1,042","-559"
"日本人移動者","福知山市","","-20","-64","25","6","-11","10","-26","-53","15"
"日本人移動者","舞鶴市","","113","-397","-30","151","-288","-19","-38","-109","-11"
"日本人移動者","綾部市","","-47","-87","-32","-28","-35","-14","-19","-52","-18"
"日本人移動者","宇治市","","47","-153","-285","42","-98","-158","5","-55","-127"
"日本人移動者","宮津市","","-43","-47","-21","-22","-28","-3","-21","-19","-18"
"日本人移動者","亀岡市","","-22","-225","-106","-8","-122","-66","-14","-103","-40"
"日本人移動者","城陽市","","4","-133","-96","0","-86","-31","4","-47","-65"
"日本人移動者","向日市","","32","-28","123","9","-31","57","23","3","66"
"日本人移動者","長岡京市","","33","15","-23","19","20","-34","14","-5","11"
"日本人移動者","八幡市","","-16","-41","-80","-8","-16","-40","-8","-25","-40"
"日本人移動者","京田辺市","","97","-115","9","40","-61","-16","57","-54","25"
"日本人移動者","京丹後市","","-83","-212","-54","-53","-106","-35","-30","-106","-19"
"日本人移動者","南丹市","","53","-84","-49","15","-58","-17","38","-26","-32"
"日本人移動者","木津川市","","18","-77","115","1","-66","60","17","-11","55"
"日本人移動者","乙訓郡","","5","-6","61","3","1","22","2","-7","39"
"日本人移動者","久世郡","","-15","-33","-14","-12","-12","-13","-3","-21","-1"
"日本人移動者","綴喜郡","","-23","-70","-49","-11","-32","-27","-12","-38","-22"
"日本人移動者","相楽郡","","-42","-100","-83","-17","-68","-28","-25","-32","-55"
"日本人移動者","船井郡","","-23","-69","-43","-8","-29","-17","-15","-40","-26"
"日本人移動者","与謝郡","","-40","-122","13","-29","-40","7","-11","-82","6"
"日本人移動者","大阪府市部","","2,955","7,143","783","1,360","2,246","251","1,595","4,897","532"
"日本人移動者","大阪府郡部","","-29","-427","-339","5","-231","-188","-34","-196","-151"
"日本人移動者","大阪市","","1,817","9,350","3,029","837","4,195","1,531","980","5,155","1,498"
"日本人移動者","堺市","","40","36","-99","26","-135","-70","14","171","-29"
"日本人移動者","岸和田市","","-64","-133","-247","-55","-90","-101","-9","-43","-146"
"日本人移動者","豊中市","","37","29","288","-30","-95","69","67","124","219"
"日本人移動者","池田市","","132","59","-7","76","38","-21","56","21","14"
"日本人移動者","吹田市","","183","441","292","97","155","44","86","286","248"
"日本人移動者","泉大津市","","7","17","-52","-5","-14","-38","12","31","-14"
"日本人移動者","高槻市","","15","17","-167","-7","-78","-46","22","95","-121"
"日本人移動者","貝塚市","","-28","-151","-59","-13","-76","-34","-15","-75","-25"
"日本人移動者","守口市","","4","58","62","-5","10","62","9","48","0"
"日本人移動者","枚方市","","69","-439","-220","8","-294","-64","61","-145","-156"
"日本人移動者","茨木市","","189","159","343","93","18","150","96","141","193"
"日本人移動者","八尾市","","97","-187","-123","59","-129","-93","38","-58","-30"
"日本人移動者","泉佐野市","","88","55","-112","51","2","-15","37","53","-97"
"日本人移動者","富田林市","","4","-293","-242","-27","-143","-111","31","-150","-131"
"日本人移動者","寝屋川市","","15","-194","-311","21","-93","-176","-6","-101","-135"
"日本人移動者","河内長野市","","-41","-259","-237","-28","-150","-108","-13","-109","-129"
"日本人移動者","松原市","","68","-116","-71","33","-76","-33","35","-40","-38"
"日本人移動者","大東市","","36","-106","-60","39","-57","-51","-3","-49","-9"
"日本人移動者","和泉市","","19","-314","-137","40","-201","-76","-21","-113","-61"
"日本人移動者","箕面市","","108","-122","-66","61","-85","-105","47","-37","39"
"日本人移動者","柏原市","","13","-156","-140","-1","-81","-69","14","-75","-71"
"日本人移動者","羽曳野市","","-25","-117","-172","-16","-39","-73","-9","-78","-99"
"日本人移動者","門真市","","21","-50","-43","4","-33","-11","17","-17","-32"
"日本人移動者","摂津市","","32","120","48","22","50","17","10","70","31"
"日本人移動者","高石市","","14","-45","32","16","-34","-5","-2","-11","37"
"日本人移動者","藤井寺市","","-1","-51","-89","-14","-24","-31","13","-27","-58"
"日本人移動者","東大阪市","","170","45","-416","94","9","-153","76","36","-263"
"日本人移動者","泉南市","","-48","-105","-61","-30","-51","-25","-18","-54","-36"
"日本人移動者","四條畷市","","-20","-33","-48","-4","-27","-38","-16","-6","-10"
"日本人移動者","交野市","","-41","-139","-61","-25","-77","-48","-16","-62","-13"
"日本人移動者","大阪狭山市","","81","-123","42","62","-95","34","19","-28","8"
"日本人移動者","阪南市","","-36","-110","-113","-19","-54","-61","-17","-56","-52"
"日本人移動者","三島郡","","-14","-25","-6","-14","-6","-9","0","-19","3"
"日本人移動者","豊能郡","","-40","-151","-116","-14","-78","-57","-26","-73","-59"
"日本人移動者","泉北郡","","-20","13","-34","-7","6","-17","-13","7","-17"
"日本人移動者","泉南郡","","40","-162","-109","36","-96","-57","4","-66","-52"
"日本人移動者","南河内郡","","5","-102","-74","4","-57","-48","1","-45","-26"
"日本人移動者","兵庫県市部","","144","-2,937","-1,675","2","-2,232","-952","142","-705","-723"
"日本人移動者","兵庫県郡部","","-217","-759","-372","-127","-366","-224","-90","-393","-148"
"日本人移動者","神戸市","","349","152","-860","146","-505","-338","203","657","-522"
"日本人移動者","姫路市","","-208","-411","-130","-187","-140","-56","-21","-271","-74"
"日本人移動者","尼崎市","","242","507","411","152","229","166","90","278","245"
"日本人移動者","明石市","","-85","-22","253","-50","-1","100","-35","-21","153"
"日本人移動者","西宮市","","168","45","130","56","-166","17","112","211","113"
"日本人移動者","洲本市","","-12","-120","-14","-11","-40","6","-1","-80","-20"
"日本人移動者","芦屋市","","36","-64","-29","28","-39","-60","8","-25","31"
"日本人移動者","伊丹市","","100","31","-26","89","-9","-3","11","40","-23"
"日本人移動者","相生市","","0","-61","-17","-7","-35","-6","7","-26","-11"
"日本人移動者","豊岡市","","-105","-280","14","-69","-141","3","-36","-139","11"
"日本人移動者","加古川市","","90","-269","-37","94","-187","-42","-4","-82","5"
"日本人移動者","赤穂市","","-3","-84","-84","5","-22","-51","-8","-62","-33"
"日本人移動者","西脇市","","-39","-106","-28","-27","-59","-16","-12","-47","-12"
"日本人移動者","宝塚市","","21","-258","-90","11","-220","-54","10","-38","-36"
"日本人移動者","三木市","","-15","-155","-66","-29","-56","-52","14","-99","-14"
"日本人移動者","高砂市","","30","-92","-169","52","-19","-95","-22","-73","-74"
"日本人移動者","川西市","","-24","-179","-43","-20","-139","6","-4","-40","-49"
"日本人移動者","小野市","","-55","-68","-34","-29","-37","-23","-26","-31","-11"
"日本人移動者","三田市","","-30","-343","-289","3","-156","-160","-33","-187","-129"
"日本人移動者","加西市","","-35","-98","-36","-25","-47","-4","-10","-51","-32"
"日本人移動者","篠山市","","-32","-120","-70","-17","-71","-30","-15","-49","-40"
"日本人移動者","養父市","","-18","-99","-29","-16","-36","-16","-2","-63","-13"
"日本人移動者","丹波市","","-83","-182","-80","-51","-81","-53","-32","-101","-27"
"日本人移動者","南あわじ市","","-24","-155","-60","-2","-69","-43","-22","-86","-17"
"日本人移動者","朝来市","","-28","-73","-10","-9","-23","-6","-19","-50","-4"
"日本人移動者","淡路市","","-20","-97","-82","-13","-51","-43","-7","-46","-39"
"日本人移動者","宍粟市","","-62","-137","-77","-43","-41","-45","-19","-96","-32"
"日本人移動者","加東市","","31","-31","-6","-2","12","-13","33","-43","7"
"日本人移動者","たつの市","","-45","-168","-117","-27","-83","-41","-18","-85","-76"
"日本人移動者","川辺郡","","-15","-111","-45","-9","-60","-24","-6","-51","-21"
"日本人移動者","多可郡","","-34","-81","-54","-23","-39","-19","-11","-42","-35"
"日本人移動者","加古郡","","-33","-134","-90","-11","-64","-49","-22","-70","-41"
"日本人移動者","神崎郡","","-40","-115","-39","-17","-47","-8","-23","-68","-31"
"日本人移動者","揖保郡","","-15","-30","-6","-16","-16","-28","1","-14","22"
"日本人移動者","赤穂郡","","-25","-42","-34","-19","-17","-24","-6","-25","-10"
"日本人移動者","佐用郡","","-22","-92","-55","-14","-48","-34","-8","-44","-21"
"日本人移動者","美方郡","","-33","-154","-49","-18","-75","-38","-15","-79","-11"
"日本人移動者","奈良県市部","","322","-1,835","-1,127","130","-1,049","-566","192","-786","-561"
"日本人移動者","奈良県郡部","","-115","-506","-276","-70","-276","-120","-45","-230","-156"
"日本人移動者","奈良市","","126","-501","-268","34","-307","-129","92","-194","-139"
"日本人移動者","大和高田市","","-17","-146","-107","-8","-78","-49","-9","-68","-58"
"日本人移動者","大和郡山市","","-3","-93","-132","-17","-62","-76","14","-31","-56"
"日本人移動者","天理市","","351","-351","-260","196","-165","-132","155","-186","-128"
"日本人移動者","橿原市","","-21","-76","-63","-19","-72","-20","-2","-4","-43"
"日本人移動者","桜井市","","-4","-114","-52","0","-51","-30","-4","-63","-22"
"日本人移動者","五條市","","-26","-95","-83","-16","-43","-34","-10","-52","-49"
"日本人移動者","御所市","","0","-70","-84","7","-45","-43","-7","-25","-41"
"日本人移動者","生駒市","","-22","-208","-99","-11","-121","-53","-11","-87","-46"
"日本人移動者","香芝市","","-8","-37","112","-3","-30","48","-5","-7","64"
"日本人移動者","葛城市","","-13","-40","-4","-11","-32","-4","-2","-8","0"
"日本人移動者","宇陀市","","-41","-104","-87","-22","-43","-44","-19","-61","-43"
"日本人移動者","山辺郡","","-3","-7","-8","1","-3","-7","-4","-4","-1"
"日本人移動者","生駒郡","","-16","-86","-8","-19","-49","12","3","-37","-20"
"日本人移動者","磯城郡","","-25","-70","-25","-16","-32","-2","-9","-38","-23"
"日本人移動者","宇陀郡","","-3","-8","-4","0","-3","1","-3","-5","-5"
"日本人移動者","高市郡","","-8","-22","-27","-3","-14","-14","-5","-8","-13"
"日本人移動者","北葛城郡","","-27","-175","-85","-11","-111","-43","-16","-64","-42"
"日本人移動者","吉野郡","","-33","-138","-119","-22","-64","-67","-11","-74","-52"
"日本人移動者","和歌山県市部","","-369","-1,150","-640","-230","-579","-312","-139","-571","-328"
"日本人移動者","和歌山県郡部","","-262","-547","-149","-146","-237","-92","-116","-310","-57"
"日本人移動者","和歌山市","","-49","-190","-251","-17","-108","-111","-32","-82","-140"
"日本人移動者","海南市","","-35","-92","-59","-25","-44","-40","-10","-48","-19"
"日本人移動者","橋本市","","-60","-154","-107","-39","-82","-50","-21","-72","-57"
"日本人移動者","有田市","","-14","-76","-56","-7","-22","-36","-7","-54","-20"
"日本人移動者","御坊市","","-22","-42","-30","-15","-23","-10","-7","-19","-20"
"日本人移動者","田辺市","","-102","-193","-49","-81","-84","-18","-21","-109","-31"
"日本人移動者","新宮市","","-58","-103","-4","-30","-54","5","-28","-49","-9"
"日本人移動者","紀の川市","","-24","-177","-115","-11","-94","-61","-13","-83","-54"
"日本人移動者","岩出市","","-5","-123","31","-5","-68","9","0","-55","22"
"日本人移動者","海草郡","","-14","-27","-17","-9","-14","-3","-5","-13","-14"
"日本人移動者","伊都郡","","-9","-76","-32","3","-31","-14","-12","-45","-18"
"日本人移動者","有田郡","","-53","-106","-29","-33","-53","-33","-20","-53","4"
"日本人移動者","日高郡","","-52","-176","-54","-30","-83","-19","-22","-93","-35"
"日本人移動者","西牟婁郡","","-63","-85","5","-46","-41","2","-17","-44","3"
"日本人移動者","東牟婁郡","","-71","-77","-22","-31","-15","-25","-40","-62","3"
"日本人移動者","鳥取県市部","","-120","-625","1","-30","-306","-17","-90","-319","18"
"日本人移動者","鳥取県郡部","","-254","-340","-113","-151","-179","-64","-103","-161","-49"
"日本人移動者","鳥取市","","3","-429","-17","29","-230","-57","-26","-199","40"
"日本人移動者","米子市","","-42","-38","91","1","-21","56","-43","-17","35"
"日本人移動者","倉吉市","","-31","-105","-40","-34","-45","3","3","-60","-43"
"日本人移動者","境港市","","-50","-53","-33","-26","-10","-19","-24","-43","-14"
"日本人移動者","岩美郡","","-11","-32","-1","-7","-18","-3","-4","-14","2"
"日本人移動者","八頭郡","","-39","-68","-47","-23","-39","-23","-16","-29","-24"
"日本人移動者","東伯郡","","-121","-137","-25","-78","-65","-22","-43","-72","-3"
"日本人移動者","西伯郡","","-70","-80","-35","-37","-39","-13","-33","-41","-22"
"日本人移動者","日野郡","","-13","-23","-5","-6","-18","-3","-7","-5","-2"
"日本人移動者","島根県市部","","-475","-1,094","-35","-240","-517","-22","-235","-577","-13"
"日本人移動者","島根県郡部","","-87","-198","-11","-27","-75","-14","-60","-123","3"
"日本人移動者","松江市","","58","-367","-37","64","-176","-27","-6","-191","-10"
"日本人移動者","浜田市","","-10","-155","38","13","-90","15","-23","-65","23"
"日本人移動者","出雲市","","-169","-158","40","-108","-91","26","-61","-67","14"
"日本人移動者","益田市","","-132","-107","-6","-74","-33","6","-58","-74","-12"
"日本人移動者","大田市","","-66","-82","-23","-43","-40","-9","-23","-42","-14"
"日本人移動者","安来市","","-66","-58","-28","-43","-27","-19","-23","-31","-9"
"日本人移動者","江津市","","-29","-90","4","-15","-37","0","-14","-53","4"
"日本人移動者","雲南市","","-61","-77","-23","-34","-23","-14","-27","-54","-9"
"日本人移動者","仁多郡","","-10","-78","-22","-2","-50","-10","-8","-28","-12"
"日本人移動者","飯石郡","","-16","-15","2","-11","-12","1","-5","-3","1"
"日本人移動者","邑智郡","","-26","-43","-6","-11","-4","-13","-15","-39","7"
"日本人移動者","鹿足郡","","-45","-32","5","-24","1","6","-21","-33","-1"
"日本人移動者","隠岐郡","","10","-30","10","21","-10","2","-11","-20","8"
"日本人移動者","岡山県市部","","-140","-995","-612","-166","-514","-236","26","-481","-376"
"日本人移動者","岡山県郡部","","-59","-170","-74","-21","-100","-10","-38","-70","-64"
"日本人移動者","岡山市","","42","379","10","-7","83","62","49","296","-52"
"日本人移動者","倉敷市","","22","118","-32","-3","20","-40","25","98","8"
"日本人移動者","津山市","","-65","-179","-40","-48","-62","-10","-17","-117","-30"
"日本人移動者","玉野市","","-11","-62","-108","8","-12","-60","-19","-50","-48"
"日本人移動者","笠岡市","","-39","-160","-50","-16","-59","-23","-23","-101","-27"
"日本人移動者","井原市","","-44","-114","-59","-30","-38","-32","-14","-76","-27"
"日本人移動者","総社市","","32","-101","17","4","-55","22","28","-46","-5"
"日本人移動者","高梁市","","139","-213","-37","84","-104","-14","55","-109","-23"
"日本人移動者","新見市","","-42","-95","-38","-31","-42","-24","-11","-53","-14"
"日本人移動者","備前市","","-25","-83","-101","-13","-31","-58","-12","-52","-43"
"日本人移動者","瀬戸内市","","-26","-87","-22","-25","-49","5","-1","-38","-27"
"日本人移動者","赤磐市","","-52","-101","-45","-43","-43","-18","-9","-58","-27"
"日本人移動者","真庭市","","-16","-145","-53","-11","-61","-25","-5","-84","-28"
"日本人移動者","美作市","","-37","-90","-25","-29","-30","-10","-8","-60","-15"
"日本人移動者","浅口市","","-18","-62","-29","-6","-31","-11","-12","-31","-18"
"日本人移動者","和気郡","","-19","-19","-30","-13","-6","-9","-6","-13","-21"
"日本人移動者","都窪郡","","7","-4","13","5","-7","7","2","3","6"
"日本人移動者","浅口郡","","-3","5","9","-1","3","7","-2","2","2"
"日本人移動者","小田郡","","-7","-50","-11","1","-16","-1","-8","-34","-10"
"日本人移動者","真庭郡","","-2","-1","3","0","-3","1","-2","2","2"
"日本人移動者","苫田郡","","-13","-20","-17","-12","-19","-8","-1","-1","-9"
"日本人移動者","勝田郡","","18","-27","-7","26","-23","1","-8","-4","-8"
"日本人移動者","英田郡","","-4","-1","-2","-3","-2","-3","-1","1","1"
"日本人移動者","久米郡","","-27","-38","-11","-16","-21","2","-11","-17","-13"
"日本人移動者","加賀郡","","-9","-15","-21","-8","-6","-7","-1","-9","-14"
"日本人移動者","広島県市部","","121","-1,175","-495","239","-446","-121","-118","-729","-374"
"日本人移動者","広島県郡部","","-26","-309","166","26","-155","112","-52","-154","54"
"日本人移動者","広島市","","183","888","175","66","448","222","117","440","-47"
"日本人移動者","呉市","","313","-224","-271","294","-63","-161","19","-161","-110"
"日本人移動者","竹原市","","-17","-87","-34","-4","-39","-9","-13","-48","-25"
"日本人移動者","三原市","","-159","-174","-87","-74","-68","-39","-85","-106","-48"
"日本人移動者","尾道市","","-43","-369","-74","-31","-181","-34","-12","-188","-40"
"日本人移動者","福山市","","-57","-176","48","19","-76","-11","-76","-100","59"
"日本人移動者","府中市","","-30","-113","-45","-4","-42","-26","-26","-71","-19"
"日本人移動者","三次市","","-69","-115","20","-46","-44","0","-23","-71","20"
"日本人移動者","庄原市","","-40","-92","-28","-34","-37","-11","-6","-55","-17"
"日本人移動者","大竹市","","-14","-34","14","0","-18","26","-14","-16","-12"
"日本人移動者","東広島市","","174","-427","-58","147","-231","-15","27","-196","-43"
"日本人移動者","廿日市市","","-65","-160","-52","-54","-77","3","-11","-83","-55"
"日本人移動者","安芸高田市","","-21","-68","-53","-15","-26","-38","-6","-42","-15"
"日本人移動者","江田島市","","-34","-24","-50","-25","8","-28","-9","-32","-22"
"日本人移動者","安芸郡","","-39","-70","190","-23","-6","127","-16","-64","63"
"日本人移動者","山県郡","","-17","-85","1","-3","-48","-12","-14","-37","13"
"日本人移動者","豊田郡","","78","-110","-5","73","-82","3","5","-28","-8"
"日本人移動者","世羅郡","","-33","-30","-19","-18","-11","-6","-15","-19","-13"
"日本人移動者","神石郡","","-15","-14","-1","-3","-8","0","-12","-6","-1"
"日本人移動者","山口県市部","","-642","-2,191","-534","-334","-1,004","-325","-308","-1,187","-209"
"日本人移動者","山口県郡部","","-29","-135","-30","-14","-66","-17","-15","-69","-13"
"日本人移動者","下関市","","-98","-486","-166","-48","-269","-73","-50","-217","-93"
"日本人移動者","宇部市","","-20","-240","-163","-2","-119","-121","-18","-121","-42"
"日本人移動者","山口市","","136","-415","-45","58","-211","-31","78","-204","-14"
"日本人移動者","萩市","","-96","-173","-8","-76","-68","-8","-20","-105","0"
"日本人移動者","防府市","","-28","-145","-91","0","-60","-79","-28","-85","-12"
"日本人移動者","下松市","","-27","26","98","-7","28","61","-20","-2","37"
"日本人移動者","岩国市","","-179","-200","-99","-100","-45","-26","-79","-155","-73"
"日本人移動者","光市","","-82","-39","38","-44","-21","5","-38","-18","33"
"日本人移動者","長門市","","-85","-54","-11","-51","-23","7","-34","-31","-18"
"日本人移動者","柳井市","","-57","-62","25","-28","-24","13","-29","-38","12"
"日本人移動者","美祢市","","-43","-85","-18","-27","-37","-3","-16","-48","-15"
"日本人移動者","周南市","","-54","-184","-66","-21","-76","-53","-33","-108","-13"
"日本人移動者","山陽小野田市","","-9","-134","-28","12","-79","-17","-21","-55","-11"
"日本人移動者","大島郡","","-1","-64","-19","-3","-26","-9","2","-38","-10"
"日本人移動者","玖珂郡","","2","-9","20","10","-14","7","-8","5","13"
"日本人移動者","熊毛郡","","-26","-53","-25","-20","-22","-14","-6","-31","-11"
"日本人移動者","阿武郡","","-4","-9","-6","-1","-4","-1","-3","-5","-5"
"日本人移動者","徳島県市部","","-227","-879","-243","-126","-386","-162","-101","-493","-81"
"日本人移動者","徳島県郡部","","-133","-314","-98","-89","-140","-28","-44","-174","-70"
"日本人移動者","徳島市","","-38","-233","74","-23","-139","-13","-15","-94","87"
"日本人移動者","鳴門市","","9","-128","-94","10","-44","-53","-1","-84","-41"
"日本人移動者","小松島市","","2","-43","-49","8","-6","-6","-6","-37","-43"
"日本人移動者","阿南市","","-26","-137","-58","-6","-55","-37","-20","-82","-21"
"日本人移動者","吉野川市","","-26","-79","-45","-16","-31","-19","-10","-48","-26"
"日本人移動者","阿波市","","-50","-107","-29","-27","-45","-16","-23","-62","-13"
"日本人移動者","美馬市","","-36","-63","-27","-34","-32","-15","-2","-31","-12"
"日本人移動者","三好市","","-62","-89","-15","-38","-34","-3","-24","-55","-12"
"日本人移動者","勝浦郡","","-4","-16","-8","-1","-11","-3","-3","-5","-5"
"日本人移動者","名東郡","","0","-2","-2","-1","1","-1","1","-3","-1"
"日本人移動者","名西郡","","-31","-48","-34","-24","-30","-6","-7","-18","-28"
"日本人移動者","那賀郡","","-9","-29","-3","-3","-20","2","-6","-9","-5"
"日本人移動者","海部郡","","-38","-69","-22","-24","-19","-12","-14","-50","-10"
"日本人移動者","板野郡","","-27","-75","11","-15","-24","6","-12","-51","5"
"日本人移動者","美馬郡","","-16","-30","-22","-7","-17","-4","-9","-13","-18"
"日本人移動者","三好郡","","-8","-45","-18","-14","-20","-10","6","-25","-8"
"日本人移動者","香川県市部","","-402","-617","55","-209","-276","15","-193","-341","40"
"日本人移動者","香川県郡部","","-78","-204","-59","-43","-60","-48","-35","-144","-11"
"日本人移動者","高松市","","-205","15","327","-109","9","127","-96","6","200"
"日本人移動者","丸亀市","","-52","-57","1","-21","-36","5","-31","-21","-4"
"日本人移動者","坂出市","","-57","-80","-44","-26","-26","-16","-31","-54","-28"
"日本人移動者","善通寺市","","45","-67","-31","34","-41","-19","11","-26","-12"
"日本人移動者","観音寺市","","-49","-76","-64","-31","-29","-21","-18","-47","-43"
"日本人移動者","さぬき市","","-35","-141","-73","-28","-59","-39","-7","-82","-34"
"日本人移動者","東かがわ市","","-22","-33","-10","-14","-11","0","-8","-22","-10"
"日本人移動者","三豊市","","-27","-178","-51","-14","-83","-22","-13","-95","-29"
"日本人移動者","小豆郡","","-26","-92","-7","-14","-32","-14","-12","-60","7"
"日本人移動者","木田郡","","-22","-25","-19","-9","-9","-4","-13","-16","-15"
"日本人移動者","香川郡","","13","16","9","15","12","5","-2","4","4"
"日本人移動者","綾歌郡","","-12","-36","4","-17","-11","-17","5","-25","21"
"日本人移動者","仲多度郡","","-31","-67","-46","-18","-20","-18","-13","-47","-28"
"日本人移動者","愛媛県市部","","-1,063","-1,695","-293","-680","-793","-93","-383","-902","-200"
"日本人移動者","愛媛県郡部","","-198","-390","-74","-101","-178","-63","-97","-212","-11"
"日本人移動者","松山市","","-79","-385","-32","-121","-274","18","42","-111","-50"
"日本人移動者","今治市","","-177","-217","-19","-106","-75","5","-71","-142","-24"
"日本人移動者","宇和島市","","-176","-282","-77","-137","-116","-54","-39","-166","-23"
"日本人移動者","八幡浜市","","-84","-121","-22","-52","-55","-6","-32","-66","-16"
"日本人移動者","新居浜市","","-84","-100","56","-43","-52","42","-41","-48","14"
"日本人移動者","西条市","","-134","-139","2","-66","-43","-29","-68","-96","31"
"日本人移動者","大洲市","","-113","-117","-23","-54","-55","-6","-59","-62","-17"
"日本人移動者","伊予市","","-47","-63","-54","-24","-23","-19","-23","-40","-35"
"日本人移動者","四国中央市","","-53","-108","-53","-3","-39","-11","-50","-69","-42"
"日本人移動者","西予市","","-97","-119","-12","-57","-40","-3","-40","-79","-9"
"日本人移動者","東温市","","-19","-44","-59","-17","-21","-30","-2","-23","-29"
"日本人移動者","越智郡","","4","-39","-4","4","-27","-1","0","-12","-3"
"日本人移動者","上浮穴郡","","-23","-26","-3","-12","-6","-3","-11","-20","0"
"日本人移動者","伊予郡","","-1","-105","-46","-2","-44","-33","1","-61","-13"
"日本人移動者","喜多郡","","-44","-45","6","-22","-24","8","-22","-21","-2"
"日本人移動者","西宇和郡","","-23","-36","-34","-15","-14","-27","-8","-22","-7"
"日本人移動者","北宇和郡","","-50","-40","8","-22","-22","0","-28","-18","8"
"日本人移動者","南宇和郡","","-61","-99","-1","-32","-41","-7","-29","-58","6"
"日本人移動者","高知県市部","","-346","-1,199","-136","-218","-622","-48","-128","-577","-88"
"日本人移動者","高知県郡部","","-225","-319","-90","-140","-126","-60","-85","-193","-30"
"日本人移動者","高知市","","-26","-535","-137","-40","-282","-64","14","-253","-73"
"日本人移動者","室戸市","","-26","-23","-11","-15","-11","-5","-11","-12","-6"
"日本人移動者","安芸市","","-23","-23","-40","-12","-5","-21","-11","-18","-19"
"日本人移動者","南国市","","18","-177","13","17","-89","29","1","-88","-16"
"日本人移動者","土佐市","","-44","-46","-1","-32","-25","5","-12","-21","-6"
"日本人移動者","須崎市","","-84","-62","-3","-58","-22","-5","-26","-40","2"
"日本人移動者","宿毛市","","-62","-82","-4","-32","-48","-5","-30","-34","1"
"日本人移動者","土佐清水市","","-45","-41","-16","-23","-17","-10","-22","-24","-6"
"日本人移動者","四万十市","","-72","-16","60","-51","-6","32","-21","-10","28"
"日本人移動者","香南市","","-13","-90","4","7","-48","-7","-20","-42","11"
"日本人移動者","香美市","","31","-104","-1","21","-69","3","10","-35","-4"
"日本人移動者","安芸郡","","-24","-23","5","-12","-9","0","-12","-14","5"
"日本人移動者","長岡郡","","-11","-17","-1","-6","-5","1","-5","-12","-2"
"日本人移動者","土佐郡","","-8","-3","-7","-7","-2","-9","-1","-1","2"
"日本人移動者","吾川郡","","-40","-69","-56","-28","-29","-42","-12","-40","-14"
"日本人移動者","高岡郡","","-93","-147","-11","-63","-59","-3","-30","-88","-8"
"日本人移動者","幡多郡","","-49","-60","-20","-24","-22","-7","-25","-38","-13"
"日本人移動者","福岡県市部","","1,665","248","-198","603","-841","18","1,062","1,089","-216"
"日本人移動者","福岡県郡部","","-261","-891","-7","-140","-398","-31","-121","-493","24"
"日本人移動者","北九州市","","338","-937","-616","248","-579","-323","90","-358","-293"
"日本人移動者","福岡市","","2,002","4,176","866","884","1,345","544","1,118","2,831","322"
"日本人移動者","大牟田市","","-106","-177","-90","-66","-87","-26","-40","-90","-64"
"日本人移動者","久留米市","","-19","-214","-68","-40","-163","-36","21","-51","-32"
"日本人移動者","直方市","","-15","-46","25","-17","-8","14","2","-38","11"
"日本人移動者","飯塚市","","65","-116","-23","68","-118","-22","-3","2","-1"
"日本人移動者","田川市","","-9","-53","-26","-4","-15","-13","-5","-38","-13"
"日本人移動者","柳川市","","-72","-190","-96","-55","-101","-28","-17","-89","-68"
"日本人移動者","八女市","","-113","-157","-28","-82","-54","-2","-31","-103","-26"
"日本人移動者","筑後市","","-26","-104","15","-26","-42","-23","0","-62","38"
"日本人移動者","大川市","","-28","-56","-66","-24","-46","-25","-4","-10","-41"
"日本人移動者","行橋市","","-64","-58","49","-39","-35","28","-25","-23","21"
"日本人移動者","豊前市","","-27","-44","-10","-14","-12","-14","-13","-32","4"
"日本人移動者","中間市","","3","-73","-12","-6","-31","-1","9","-42","-11"
"日本人移動者","小郡市","","-2","-128","-76","-12","-60","-46","10","-68","-30"
"日本人移動者","筑紫野市","","29","-96","69","-3","-91","38","32","-5","31"
"日本人移動者","春日市","","-64","-237","-77","-33","-123","-45","-31","-114","-32"
"日本人移動者","大野城市","","16","-75","24","9","-25","13","7","-50","11"
"日本人移動者","宗像市","","9","-226","72","-8","-126","17","17","-100","55"
"日本人移動者","太宰府市","","2","-46","-4","-9","1","0","11","-47","-4"
"日本人移動者","古賀市","","20","-117","-32","10","-85","-2","10","-32","-30"
"日本人移動者","福津市","","42","-46","143","17","-43","68","25","-3","75"
"日本人移動者","うきは市","","-59","-71","-46","-39","-25","-19","-20","-46","-27"
"日本人移動者","宮若市","","-9","-12","-1","5","5","3","-14","-17","-4"
"日本人移動者","嘉麻市","","-63","-118","-66","-43","-55","-37","-20","-63","-29"
"日本人移動者","朝倉市","","-70","-120","-53","-46","-53","-19","-24","-67","-34"
"日本人移動者","みやま市","","-57","-128","-28","-43","-56","5","-14","-72","-33"
"日本人移動者","糸島市","","-58","-283","-43","-29","-159","-31","-29","-124","-12"
"日本人移動者","筑紫郡","","-59","-91","78","-36","-56","46","-23","-35","32"
"日本人移動者","糟屋郡","","-25","-96","197","-37","-61","60","12","-35","137"
"日本人移動者","遠賀郡","","-30","-153","-56","-22","-55","-39","-8","-98","-17"
"日本人移動者","鞍手郡","","-4","-39","-26","-2","-30","-18","-2","-9","-8"
"日本人移動者","嘉穂郡","","-14","-26","-13","-4","-17","-9","-10","-9","-4"
"日本人移動者","朝倉郡","","-19","-85","-8","-5","-34","-9","-14","-51","1"
"日本人移動者","三井郡","","-36","9","27","-26","-6","21","-10","15","6"
"日本人移動者","三潴郡","","-17","-31","-41","-10","-15","-26","-7","-16","-15"
"日本人移動者","八女郡","","0","-36","-9","7","-16","3","-7","-20","-12"
"日本人移動者","田川郡","","-70","-173","-133","-44","-75","-75","-26","-98","-58"
"日本人移動者","京都郡","","19","-44","52","22","22","54","-3","-66","-2"
"日本人移動者","築上郡","","-6","-126","-75","17","-55","-39","-23","-71","-36"
"日本人移動者","佐賀県市部","","-873","-1,072","-362","-612","-522","-209","-261","-550","-153"
"日本人移動者","佐賀県郡部","","-240","-288","-26","-128","-124","-6","-112","-164","-20"
"日本人移動者","佐賀市","","-118","-380","-167","-99","-216","-98","-19","-164","-69"
"日本人移動者","唐津市","","-252","-250","-89","-162","-108","-62","-90","-142","-27"
"日本人移動者","鳥栖市","","-44","40","72","-48","14","58","4","26","14"
"日本人移動者","多久市","","-62","-54","-26","-41","-24","-9","-21","-30","-17"
"日本人移動者","伊万里市","","-123","-82","-36","-58","-28","-29","-65","-54","-7"
"日本人移動者","武雄市","","-99","-87","-11","-67","-48","-15","-32","-39","4"
"日本人移動者","鹿島市","","-52","-75","-37","-40","-35","-16","-12","-40","-21"
"日本人移動者","小城市","","-72","-57","-12","-54","-31","-13","-18","-26","1"
"日本人移動者","嬉野市","","-49","-68","-28","-37","-18","-10","-12","-50","-18"
"日本人移動者","神埼市","","-2","-59","-28","-6","-28","-15","4","-31","-13"
"日本人移動者","神埼郡","","-11","-18","3","-6","0","0","-5","-18","3"
"日本人移動者","三養基郡","","-60","-65","-4","-31","-37","-4","-29","-28","0"
"日本人移動者","東松浦郡","","0","-11","-10","7","-5","1","-7","-6","-11"
"日本人移動者","西松浦郡","","-57","-53","-2","-39","-20","-4","-18","-33","2"
"日本人移動者","杵島郡","","-77","-96","-14","-36","-40","-2","-41","-56","-12"
"日本人移動者","藤津郡","","-35","-45","1","-23","-22","3","-12","-23","-2"
"日本人移動者","長崎県市部","","-2,169","-2,228","-382","-1,309","-924","-106","-860","-1,304","-276"
"日本人移動者","長崎県郡部","","-358","-239","112","-250","-62","65","-108","-177","47"
"日本人移動者","長崎市","","-444","-619","-184","-361","-295","-38","-83","-324","-146"
"日本人移動者","佐世保市","","-207","-479","-81","-126","-215","-43","-81","-264","-38"
"日本人移動者","島原市","","-175","-67","-17","-103","-12","15","-72","-55","-32"
"日本人移動者","諫早市","","-307","-274","-90","-184","-111","-21","-123","-163","-69"
"日本人移動者","大村市","","-164","-64","76","-66","-12","28","-98","-52","48"
"日本人移動者","平戸市","","-152","-88","-16","-85","-43","-21","-67","-45","5"
"日本人移動者","松浦市","","-63","-54","18","-23","-32","12","-40","-22","6"
"日本人移動者","対馬市","","-134","-9","-4","-70","16","-15","-64","-25","11"
"日本人移動者","壱岐市","","-110","-64","-6","-53","-20","5","-57","-44","-11"
"日本人移動者","五島市","","-123","-119","21","-66","-37","11","-57","-82","10"
"日本人移動者","西海市","","-34","-90","-36","-2","-39","-20","-32","-51","-16"
"日本人移動者","雲仙市","","-115","-165","-34","-79","-69","-3","-36","-96","-31"
"日本人移動者","南島原市","","-141","-136","-29","-91","-55","-16","-50","-81","-13"
"日本人移動者","西彼杵郡","","-104","-105","79","-101","-24","17","-3","-81","62"
"日本人移動者","東彼杵郡","","-94","-78","8","-50","-23","15","-44","-55","-7"
"日本人移動者","北松浦郡","","-48","-6","12","-40","-4","15","-8","-2","-3"
"日本人移動者","南松浦郡","","-112","-50","13","-59","-11","18","-53","-39","-5"
"日本人移動者","熊本県市部","","-1,390","-1,822","-354","-955","-929","-25","-435","-893","-329"
"日本人移動者","熊本県郡部","","-692","-794","-251","-381","-312","-132","-311","-482","-119"
"日本人移動者","熊本市","","59","-373","-280","14","-315","-35","45","-58","-245"
"日本人移動者","八代市","","-260","-187","41","-172","-56","25","-88","-131","16"
"日本人移動者","人吉市","","-131","-47","11","-92","-20","0","-39","-27","11"
"日本人移動者","荒尾市","","-111","-138","0","-84","-73","6","-27","-65","-6"
"日本人移動者","水俣市","","-64","-44","-24","-41","-23","-7","-23","-21","-17"
"日本人移動者","玉名市","","-109","-132","21","-94","-39","33","-15","-93","-12"
"日本人移動者","山鹿市","","-95","-111","-22","-59","-53","-7","-36","-58","-15"
"日本人移動者","菊池市","","-83","-81","-28","-55","-38","-13","-28","-43","-15"
"日本人移動者","宇土市","","-69","-126","-52","-52","-62","-28","-17","-64","-24"
"日本人移動者","上天草市","","-67","-135","-41","-60","-40","-25","-7","-95","-16"
"日本人移動者","宇城市","","-104","-81","-85","-72","-34","-25","-32","-47","-60"
"日本人移動者","阿蘇市","","-54","-68","-47","-23","-26","-18","-31","-42","-29"
"日本人移動者","天草市","","-262","-271","16","-132","-118","4","-130","-153","12"
"日本人移動者","合志市","","-40","-28","136","-33","-32","65","-7","4","71"
"日本人移動者","下益城郡","","-9","-23","-29","-5","-12","-9","-4","-11","-20"
"日本人移動者","玉名郡","","-45","-98","-60","-25","-34","-31","-20","-64","-29"
"日本人移動者","菊池郡","","-35","70","94","-15","50","22","-20","20","72"
"日本人移動者","阿蘇郡","","-90","-225","-50","-46","-111","-15","-44","-114","-35"
"日本人移動者","上益城郡","","-169","-275","-195","-101","-108","-88","-68","-167","-107"
"日本人移動者","八代郡","","-25","-34","-3","-16","-20","-3","-9","-14","0"
"日本人移動者","葦北郡","","-84","-64","-24","-44","-30","-9","-40","-34","-15"
"日本人移動者","球磨郡","","-215","-110","29","-121","-34","13","-94","-76","16"
"日本人移動者","天草郡","","-20","-35","-13","-8","-13","-12","-12","-22","-1"
"日本人移動者","大分県市部","","-480","-1,566","-321","-285","-689","-211","-195","-877","-110"
"日本人移動者","大分県郡部","","-59","-114","-4","-26","-56","-3","-33","-58","-1"
"日本人移動者","大分市","","-49","-288","124","-12","-135","6","-37","-153","118"
"日本人移動者","別府市","","147","-184","-96","77","-124","-20","70","-60","-76"
"日本人移動者","中津市","","-93","-139","-15","-65","-48","-12","-28","-91","-3"
"日本人移動者","日田市","","-138","-183","-32","-85","-77","-22","-53","-106","-10"
"日本人移動者","佐伯市","","-98","-193","-70","-54","-85","-32","-44","-108","-38"
"日本人移動者","臼杵市","","-34","-81","-51","-23","-29","-26","-11","-52","-25"
"日本人移動者","津久見市","","-21","-32","-30","-9","-13","-17","-12","-19","-13"
"日本人移動者","竹田市","","-59","-21","-30","-37","-8","-18","-22","-13","-12"
"日本人移動者","豊後高田市","","-18","-43","-31","-12","-5","-23","-6","-38","-8"
"日本人移動者","杵築市","","-53","-27","-28","-29","14","-1","-24","-41","-27"
"日本人移動者","宇佐市","","-54","-134","-6","-27","-41","-4","-27","-93","-2"
"日本人移動者","豊後大野市","","-4","-145","-26","-9","-97","-6","5","-48","-20"
"日本人移動者","由布市","","28","-53","-17","11","-36","-12","17","-17","-5"
"日本人移動者","国東市","","-34","-43","-13","-11","-5","-24","-23","-38","11"
"日本人移動者","東国東郡","","-4","-9","-1","-3","-2","1","-1","-7","-2"
"日本人移動者","速見郡","","-20","-14","19","-17","-17","8","-3","3","11"
"日本人移動者","玖珠郡","","-35","-91","-22","-6","-37","-12","-29","-54","-10"
"日本人移動者","宮崎県市部","","-1,679","-1,566","-228","-981","-653","-84","-698","-913","-144"
"日本人移動者","宮崎県郡部","","-553","-454","18","-344","-177","-5","-209","-277","23"
"日本人移動者","宮崎市","","-534","-624","-94","-313","-272","-98","-221","-352","4"
"日本人移動者","都城市","","-293","-302","17","-154","-138","53","-139","-164","-36"
"日本人移動者","延岡市","","-296","-189","-29","-178","-59","13","-118","-130","-42"
"日本人移動者","日南市","","-172","-141","-38","-113","-55","-11","-59","-86","-27"
"日本人移動者","小林市","","-116","-95","-33","-76","-37","-28","-40","-58","-5"
"日本人移動者","日向市","","-135","-90","-25","-85","-45","-2","-50","-45","-23"
"日本人移動者","串間市","","-46","-29","-3","-33","-7","4","-13","-22","-7"
"日本人移動者","西都市","","-61","-57","-25","-25","-31","-12","-36","-26","-13"
"日本人移動者","えびの市","","-26","-39","2","-4","-9","-3","-22","-30","5"
"日本人移動者","北諸県郡","","-75","-38","22","-59","-20","6","-16","-18","16"
"日本人移動者","西諸県郡","","-33","-42","-5","-25","-15","2","-8","-27","-7"
"日本人移動者","東諸県郡","","-90","-94","11","-55","-45","5","-35","-49","6"
"日本人移動者","児湯郡","","-153","-165","-54","-102","-77","-40","-51","-88","-14"
"日本人移動者","東臼杵郡","","-90","-44","14","-44","-2","4","-46","-42","10"
"日本人移動者","西臼杵郡","","-112","-71","30","-59","-18","18","-53","-53","12"
"日本人移動者","鹿児島県市部","","-2,578","-1,897","-156","-1,686","-821","53","-892","-1,076","-209"
"日本人移動者","鹿児島県郡部","","-835","-171","-59","-397","-87","-36","-438","-84","-23"
"日本人移動者","鹿児島市","","-577","-316","-158","-562","-248","-10","-15","-68","-148"
"日本人移動者","鹿屋市","","-221","-61","91","-125","-22","58","-96","-39","33"
"日本人移動者","枕崎市","","-52","-84","-5","-24","-38","1","-28","-46","-6"
"日本人移動者","阿久根市","","-58","-60","-8","-27","-20","9","-31","-40","-17"
"日本人移動者","出水市","","-149","-78","20","-77","-22","13","-72","-56","7"
"日本人移動者","指宿市","","-69","-151","-14","-46","-46","-11","-23","-105","-3"
"日本人移動者","西之表市","","-113","32","-2","-54","31","1","-59","1","-3"
"日本人移動者","垂水市","","-52","-42","-32","-29","-5","-17","-23","-37","-15"
"日本人移動者","薩摩川内市","","-184","-142","3","-83","-61","-6","-101","-81","9"
"日本人移動者","日置市","","-76","-164","-23","-33","-80","-7","-43","-84","-16"
"日本人移動者","曽於市","","-121","-86","-67","-66","-26","-17","-55","-60","-50"
"日本人移動者","霧島市","","-167","-224","2","-95","-93","9","-72","-131","-7"
"日本人移動者","いちき串木野市","","-66","-87","-45","-40","-29","-29","-26","-58","-16"
"日本人移動者","南さつま市","","-37","-161","14","-50","-32","-4","13","-129","18"
"日本人移動者","志布志市","","-95","-50","-17","-58","-15","-7","-37","-35","-10"
"日本人移動者","奄美市","","-224","-3","11","-129","18","-1","-95","-21","12"
"日本人移動者","南九州市","","-111","-75","-38","-61","-43","-16","-50","-32","-22"
"日本人移動者","伊佐市","","-83","-63","-6","-28","-18","6","-55","-45","-12"
"日本人移動者","姶良市","","-123","-82","118","-99","-72","81","-24","-10","37"
"日本人移動者","鹿児島郡","","-13","13","0","-5","3","4","-8","10","-4"
"日本人移動者","薩摩郡","","-50","-58","-28","-23","-38","-19","-27","-20","-9"
"日本人移動者","出水郡","","-29","-19","-7","-14","-8","-5","-15","-11","-2"
"日本人移動者","姶良郡","","-29","-12","-11","-13","2","-3","-16","-14","-8"
"日本人移動者","曽於郡","","-47","-46","-12","-25","-22","-4","-22","-24","-8"
"日本人移動者","肝属郡","","-101","-68","-80","-38","-36","-36","-63","-32","-44"
"日本人移動者","熊毛郡","","-138","3","0","-57","10","-5","-81","-7","5"
"日本人移動者","大島郡","","-428","16","79","-222","2","32","-206","14","47"
"日本人移動者","沖縄県市部","","-1,128","-782","419","-576","-495","157","-552","-287","262"
"日本人移動者","沖縄県郡部","","-308","-533","65","-148","-293","-29","-160","-240","94"
"日本人移動者","那覇市","","-323","-142","-76","-148","-81","-38","-175","-61","-38"
"日本人移動者","宜野湾市","","62","17","25","65","-33","-25","-3","50","50"
"日本人移動者","石垣市","","-220","54","85","-111","24","53","-109","30","32"
"日本人移動者","浦添市","","-191","-127","132","-113","-50","52","-78","-77","80"
"日本人移動者","名護市","","146","-206","52","81","-138","29","65","-68","23"
"日本人移動者","糸満市","","-69","7","17","-43","-13","12","-26","20","5"
"日本人移動者","沖縄市","","-113","-130","147","-76","-64","49","-37","-66","98"
"日本人移動者","豊見城市","","-86","16","22","-47","-10","5","-39","26","17"
"日本人移動者","うるま市","","-97","-128","-51","-52","-41","-28","-45","-87","-23"
"日本人移動者","宮古島市","","-191","-123","70","-98","-77","49","-93","-46","21"
"日本人移動者","南城市","","-46","-20","-4","-34","-12","-1","-12","-8","-3"
"日本人移動者","国頭郡","","-100","-127","-38","-51","-60","-20","-49","-67","-18"
"日本人移動者","中頭郡","","-45","-365","-95","3","-207","-86","-48","-158","-9"
"日本人移動者","島尻郡","","-120","-70","157","-86","-44","59","-34","-26","98"
"日本人移動者","宮古郡","","-9","0","-3","-3","0","-3","-6","0","0"
"日本人移動者","八重山郡","","-34","29","44","-11","18","21","-23","11","23"
